state,test_id,recall_vote,district
CO,2780274,Yes,03
CO,339669,Yes,03
MO,3222708,Yes,03
CO,3344825,Yes,03
CO,665991,DK,03
CO,390344,Yes,03
CO,623569,No,03
CO,4335012,Yes,03
CO,1609674,No,03
CO,4041345,Yes,03
CO,539628,Yes,03
CO,2833094,No,03
CO,4025202,No,03
CO,3421675,DK,03
CO,2617301,No,03
CO,4788347,No,03
CO,729323,No,03
CO,2907450,No,03
CO,3927530,No,03
CO,2246823,Yes,03
CO,390604,DK,03
CO,194261,Yes,03
CO,2126782,No,03
CO,483768,DK,03
CO,3290547,Yes,03
CO,1092064,Yes,03
CO,3160164,DK,03
CO,764136,Yes,03
CO,3146283,DK,03
CO,882991,No,03
CO,2589770,Yes,03
CO,1213150,Yes,03
CO,4965512,No,03
CO,1054390,Yes,03
CO,1396892,No,03
CO,3958039,Yes,03
CO,3472643,DK,03
CO,1508937,Yes,03
CO,756264,No,03
CO,849304,Yes,03
CO,1312584,No,03
CO,4376059,Yes,03
CO,491438,Yes,03
CO,2411577,Yes,03
CO,4505287,No,03
CO,735133,Yes,03
CO,4020120,Yes,03
CO,2655346,Yes,03
CO,748191,Yes,03
CO,4289301,No,03
CO,1701221,Yes,03
CO,2495947,No,03
CO,1673265,Yes,03
CO,3782872,No,03
CO,3941907,Yes,03
CO,32446,Yes,03
CO,4169582,No,03
CO,162758,No,03
CO,4898418,DK,03
CO,3967473,Yes,03
CO,762882,No,03
CO,771828,Yes,03
CO,3379783,DK,03
CO,1931993,Yes,03
CO,1264208,No,03
CO,3857115,No,03
CO,4085369,DK,03
CO,367452,Yes,03
CO,1426117,Yes,03
CO,1531092,Yes,03
CO,1655970,Yes,03
CO,4461352,Yes,03
CO,1924922,No,03
CO,1123555,DK,03
CO,2606208,Yes,03
CO,3743179,DK,03
CO,6988,No,03
CO,2517751,No,03
CO,4239894,Yes,03
CO,3050088,No,03
CO,3729155,DK,03
CO,767252,Yes,03
CO,4346148,Yes,03
CO,818542,DK,03
CO,2431034,Yes,03
CO,3624850,No,03
CO,3075956,DK,03
CO,4998799,Yes,03
CO,2472255,Yes,03
CO,4454180,Yes,03
CO,4852862,Yes,03
CO,1249881,No,03
CO,4584252,Yes,03
CO,3385267,DK,03
CO,4769393,No,03
CO,180904,Yes,03
CO,2389880,No,03
CO,553020,Yes,03
CO,2943262,Yes,03
CO,4758811,No,03
CO,679530,Yes,03
CO,1351389,No,03
CO,397741,Yes,03
CO,4735680,No,03
CO,1700040,No,03
CO,637770,No,03
CO,1589975,No,03
CO,2867707,No,03
CO,3150145,Yes,03
CO,1185103,No,03
CO,1546894,DK,03
CO,3884520,DK,03
CO,2419869,No,03
CO,3369151,Yes,03
CO,3095290,Yes,03
CO,3167969,No,03
CO,3434237,Yes,03
CO,3690025,No,03
CO,4668006,No,03
CO,3086135,No,03
CO,8186,No,03
CO,4034420,No,03
CO,4963045,DK,03
CO,3897492,Yes,03
CO,1745869,DK,03
CO,440920,No,03
CO,2745198,Yes,03
CO,3590686,Yes,03
CO,3751315,Yes,03
CO,4597833,Yes,03
CO,4480111,Yes,03
CO,3903679,Yes,03
CO,4426334,No,03
CO,2139601,Yes,03
CO,62098,No,03
CO,660207,No,03
CO,3190652,No,03
CO,4801382,Yes,03
CO,4943382,No,03
CO,1769155,DK,03
CO,4566057,No,03
CO,3701470,No,03
CO,1897092,No,03
CO,3138165,Yes,03
CO,4759199,No,03
CO,4754562,No,03
CO,2236679,No,03
CO,4884498,DK,03
CO,4504451,No,03
CO,1697723,No,03
CO,4323220,No,03
CO,1969462,Yes,03
CO,393193,No,03
CO,2331120,Yes,03
CO,3858036,DK,03
CO,1418978,Yes,03
CO,4515477,No,03
CO,2168805,DK,03
CO,712459,Yes,03
CO,3283280,No,03
CO,4214275,No,03
CO,136173,DK,03
CO,2255407,Yes,03
CO,237559,DK,03
CO,4339320,No,03
CO,4334117,Yes,03
CO,2435801,No,03
CO,2507230,No,03
CO,4595924,No,03
CO,2920466,DK,03
CO,2443315,No,03
CO,3243484,No,03
CO,2829597,Yes,03
CO,4507141,Yes,03
CO,1009589,Yes,03
CO,4786570,Yes,03
CO,2141475,No,03
CO,3939670,No,03
CO,558326,DK,03
CO,2911994,Yes,03
CO,4457456,Yes,03
CO,4300663,No,03
CO,3037548,No,03
CO,2665061,DK,03
CO,2991665,No,03
CO,3764592,DK,03
CO,584480,DK,03
CO,870719,Yes,03
CO,1996451,No,03
CO,2513825,DK,03
CO,3285162,No,03
CO,4575851,DK,03
CO,4626872,Yes,03
CO,4386827,DK,03
CO,3865985,Yes,03
CO,2755738,Yes,03
CO,2103615,Yes,03
CO,673879,Yes,03
CO,1214822,No,03
CO,2516929,Yes,03
CO,3292908,No,03
CO,4783522,Yes,03
CO,2806459,Yes,03
CO,2061603,DK,03
CO,1336813,Yes,03
CO,4271422,Yes,03
CO,3229904,Yes,03
CO,2903056,Yes,03
CO,2646914,No,03
CO,2619777,Yes,03
CO,4664238,Yes,03
CO,3351173,No,03
CO,3071304,Yes,03
CO,3440669,No,03
CO,1898355,No,03
CO,853137,No,03
CO,1098407,No,03
CO,3964574,Yes,03
CO,2281310,Yes,03
CO,3907840,No,03
CO,919007,No,03
CO,1694480,Yes,03
CO,2744861,No,03
CO,3652474,No,03
CO,1623854,No,03
CO,1746491,No,03
CO,4270057,DK,03
CO,3248393,Yes,03
CO,236211,Yes,03
CO,1390603,Yes,03
CO,3467338,No,03
CO,986523,Yes,03
CO,1266508,Yes,03
CO,1558230,No,03
CO,930970,No,03
CO,3961770,No,03
CO,4340905,Yes,03
CO,2058724,Yes,03
CO,2840901,Yes,03
CO,4194061,Yes,03
CO,115451,Yes,03
CO,1411290,Yes,03
CO,4768245,No,03
CO,3405377,No,03
CO,10411,No,03
CO,2487653,Yes,03
CO,1487524,No,03
CO,1284368,Yes,03
CO,2767950,DK,03
CO,1307664,No,03
CO,288564,Yes,03
CO,17954,Yes,03
CO,4128611,Yes,03
CO,593709,DK,03
CO,2942288,No,03
CO,1387468,DK,03
CO,976991,DK,03
CO,4827331,No,03
CO,366421,No,03
CO,2379671,Yes,03
CO,1233812,No,03
CO,2490114,Yes,03
CO,361011,No,03
CO,4376341,Yes,03
CO,2594310,Yes,03
CO,2434952,No,03
CO,2556166,No,03
CO,2975866,Yes,03
CO,880358,DK,03
CO,3665006,Yes,03
CO,2654439,Yes,03
CO,4903588,DK,03
CO,282075,DK,03
CO,3081918,Yes,03
CO,1734822,Yes,03
CO,4671171,No,03
CO,466171,Yes,03
CO,1689129,DK,03
CO,964439,No,03
CO,4933412,DK,03
CO,2984469,DK,03
CO,1576796,No,03
CO,1187569,Yes,03
CO,3735873,No,03
CO,849088,No,03
CO,303721,Yes,03
CO,3675490,DK,03
CO,3794947,No,03
CO,1554160,Yes,03
CO,4919876,No,03
CO,2895019,No,03
CO,4912500,Yes,03
CO,4615573,No,03
CO,1310966,Yes,03
CO,916079,No,03
CO,4026347,No,03
CO,1852259,No,03
CO,3916251,DK,03
CO,2655842,Yes,03
CO,201609,No,03
CO,1864155,No,03
CO,985390,DK,03
CO,320053,Yes,03
CO,3053572,No,03
CO,4204829,No,03
CO,834017,Yes,03
CO,2405985,Yes,03
CO,2195859,Yes,03
CO,2917980,Yes,03
CO,3607160,Yes,03
CO,1312905,No,03
CO,3871392,No,03
CO,1258366,Yes,03
CO,1065502,DK,03
CO,4373100,DK,03
CO,903946,No,03
CO,637641,No,03
CO,4816709,Yes,03
CO,4629857,No,03
CO,3593540,Yes,03
CO,2381341,No,03
CO,1280039,No,03
CO,3122683,Yes,03
CO,1781116,Yes,03
CO,2532739,No,03
CO,4749212,No,03
CO,4379566,No,03
CO,4399912,No,03
CO,88934,Yes,03
CO,4087131,Yes,03
CO,4236954,No,03
CO,4208112,DK,03
CO,4265109,Yes,03
CO,3981852,No,03
CO,3574596,No,03
CO,451780,No,03
CO,1875366,Yes,03
CO,750913,Yes,03
CO,2632081,Yes,03
CO,4594402,Yes,03
CO,41006,DK,03
CO,687828,No,03
CO,1995135,No,03
CO,2484649,DK,03
CO,4022308,Yes,03
CO,3108689,No,03
WA,1999299,No,03
CO,2188696,No,03
CO,2075428,Yes,03
CO,3227897,Yes,03
CO,323949,No,03
CO,1387198,No,03
CO,758220,No,03
CO,2747207,Yes,03
CO,303374,Yes,03
CO,1719567,No,03
CO,1079633,Yes,03
CO,758231,Yes,03
CO,2771672,Yes,03
CO,3255436,No,03
CO,1647860,No,03
CO,4611974,DK,03
CO,806579,Yes,03
CO,268194,Yes,03
CO,4446503,Yes,03
CO,1893932,No,03
CO,3671110,No,03
CO,75524,Yes,03
CO,3106269,Yes,03
CO,4810505,No,03
CO,3908812,No,03
CO,3503000,DK,03
CO,1347593,No,03
CO,2535435,No,03
CO,3533907,Yes,03
CO,2318770,No,03
CO,2103650,DK,03
CO,4194096,No,03
CO,2757726,No,03
CO,397017,No,03
CO,1071939,Yes,03
CO,3935458,No,03
CO,1553085,DK,03
CO,3854172,DK,03
CO,4207166,Yes,03
CO,2691124,Yes,03
CO,4807011,Yes,03
CO,1855599,DK,03
CO,309916,No,03
CO,2494091,No,03
CO,2791358,Yes,03
CO,3969961,DK,03
CO,3629622,No,03
CO,2913165,Yes,03
CO,2653722,Yes,03
CO,403993,No,03
CO,2834855,Yes,03
CO,2913215,DK,03
CO,2506890,Yes,03
CO,682946,Yes,03
CO,4828936,No,03
CO,1955352,No,03
CO,4444137,Yes,03
CO,3552383,Yes,03
CO,76731,No,03
CO,3815963,Yes,03
CO,1302190,No,03
CO,2605295,No,03
CO,3530956,No,03
CO,2243093,Yes,03
CO,82031,No,03
CO,2396281,No,03
CO,2563653,Yes,03
CO,763139,Yes,03
CO,2915562,Yes,03
CO,765579,No,03
CO,4288015,Yes,03
CO,2282455,Yes,03
CO,1382562,Yes,03
CO,3193125,No,03
CO,3100245,No,03
CO,3236357,No,03
CO,2512370,Yes,03
CO,1196470,No,03
CO,4312095,DK,03
CO,3541788,Yes,03
CO,1764600,No,03
CO,2968428,No,03
CO,2942704,No,03
CO,1956781,No,03
CO,2051543,No,03
CO,605237,No,03
CO,3082072,Yes,03
CO,1900975,Yes,03
CO,3769481,DK,03
CO,4671216,DK,03
CO,1005876,Yes,03
CO,1266901,Yes,03
CO,2080661,DK,03
CO,3518349,No,03
CO,4596207,No,03
CO,4738624,No,03
CO,4748089,No,03
CO,209761,DK,03
CO,1585158,Yes,03
CO,1840048,DK,03
CO,4596762,Yes,03
CO,4922376,No,03
CO,1276170,No,03
CO,1319050,No,03
CO,2639179,DK,03
CO,3439714,DK,03
CO,1810135,Yes,03
CO,4528002,DK,03
CO,4581508,Yes,03
CO,257833,No,03
CO,22143,Yes,03
CO,3122927,Yes,03
CO,3690352,No,03
CO,2117372,No,03
CO,742311,Yes,03
CO,883665,No,03
CO,385456,No,03
CO,3081742,No,03
CO,2699168,Yes,03
CO,3983599,Yes,03
CO,2232763,No,03
CO,1820319,Yes,03
CO,1243306,No,03
CO,4430920,Yes,03
CO,783542,Yes,03
CO,2894252,Yes,03
CO,3580522,No,03
CO,4934527,No,03
CO,4614017,No,03
CO,3533169,No,03
CO,1327686,No,03
CO,3360804,Yes,03
CO,685483,No,03
CO,3533060,Yes,03
CO,553360,No,03
CO,236115,Yes,03
CO,3101752,No,03
CO,4983156,No,03
CO,1622141,No,03
CO,1345032,Yes,03
CO,701842,Yes,03
CO,1404378,Yes,03
CO,4628515,Yes,03
CO,1939897,Yes,03
CO,4276881,Yes,03
CO,3153409,Yes,03
CO,768989,DK,03
CO,1937757,Yes,03
CO,4203417,Yes,03
CO,3328340,Yes,03
CO,1435104,Yes,03
CO,140177,No,03
CO,71119,Yes,03
CO,505476,Yes,03
CO,3943319,Yes,03
CO,3540836,Yes,03
CO,2688756,No,03
CO,97844,DK,03
CO,622646,Yes,03
CO,3813524,Yes,03
CO,40943,Yes,03
CO,1624302,Yes,03
CO,2493658,DK,03
CO,3835361,No,03
CO,3990202,Yes,03
CO,3358121,No,03
CO,543940,Yes,03
CO,995694,DK,03
CO,627095,No,03
CO,897305,Yes,03
CO,1290569,DK,03
CO,781323,Yes,03
CO,2966570,Yes,03
CO,4917116,No,03
CO,2885654,Yes,03
CO,4301519,DK,03
CO,1195809,No,03
CO,3866166,Yes,03
CO,4922868,No,03
CO,4957077,No,03
CO,1339821,No,03
CO,4073327,Yes,03
CO,1606575,No,03
CO,1618426,DK,03
CO,3792209,Yes,03
CO,3298137,Yes,03
CO,1807901,No,03
CO,4530708,No,03
CO,3739520,Yes,03
CO,4900407,Yes,03
CO,212990,No,03
CO,773821,No,03
CO,1839725,No,03
CO,1414463,Yes,03
CO,4402822,DK,03
CO,1680662,Yes,03
CO,1440513,Yes,03
CO,1770837,No,03
CO,490556,No,03
CO,1609386,No,03
CO,2663568,No,03
CO,1346723,DK,03
CO,4378057,No,03
CO,2866507,No,03
CO,2724082,No,03
CO,3607404,Yes,03
CO,2036611,No,03
CO,1809764,No,03
CO,3505649,No,03
AZ,1677647,Yes,03
CO,809854,Yes,03
CO,3292281,No,03
CO,482912,No,03
CO,969379,Yes,03
CO,1572464,Yes,03
CO,955764,Yes,03
CO,4280183,Yes,03
CO,35452,DK,03
CO,4633968,No,03
CO,4653654,DK,03
CO,668824,Yes,03
CO,2251128,Yes,03
CO,4122044,No,03
CO,871699,No,03
CO,2608892,No,03
CO,474202,No,03
CO,1502391,No,03
CO,3507358,No,03
CO,998382,No,03
CO,3733736,No,03
CO,4544316,No,03
CO,916954,DK,03
CO,4664364,No,03
CO,4553368,Yes,03
CO,478273,No,03
CO,3303690,No,03
CO,4936932,Yes,03
CO,3394278,No,03
CO,2513577,DK,03
CO,1488706,No,03
CO,2210407,No,03
CO,2922062,No,03
CO,132499,DK,03
CO,4693623,Yes,03
CO,4031089,Yes,03
CO,4657147,No,03
CO,3233361,No,03
CO,3271569,No,03
CO,4955221,No,03
CO,804001,No,03
CO,756494,Yes,03
CO,2354869,No,03
CO,3200857,Yes,03
CO,2565088,DK,03
CO,58644,DK,03
CO,2369664,Yes,03
CO,2283962,Yes,03
CO,3694845,No,03
CO,1171455,DK,03
CO,4062197,Yes,03
CO,1419174,No,03
CO,2550797,No,03
CO,3738695,Yes,03
CO,726751,No,03
CO,3612375,No,03
CO,4233991,Yes,03
CO,2351720,No,03
CO,2839689,Yes,03
CO,2844112,Yes,03
CO,1770642,Yes,03
CO,2436768,Yes,03
CO,3902875,Yes,03
CO,4857923,Yes,03
CO,427253,No,03
CO,2519910,No,03
CO,1691387,Yes,03
CO,4891884,No,03
CO,4202724,Yes,03
CO,3085563,Yes,03
CO,1093237,No,03
CO,2946490,No,03
CO,2606902,No,03
CO,1036905,Yes,03
CO,2044352,Yes,03
CO,509651,DK,03
CO,2489218,No,03
CO,3471753,No,03
CO,239142,No,03
CO,4922034,Yes,03
CO,2557882,No,03
CO,2066865,No,03
CO,4321626,DK,03
CO,2492854,Yes,03
CO,974912,No,03
CO,782799,DK,03
CO,83863,No,03
CO,1279424,DK,03
CO,1544634,Yes,03
CO,2849492,No,03
CO,4313749,Yes,03
CO,545135,Yes,03
CO,620198,No,03
CO,2470198,DK,03
CO,2371241,No,03
CO,3134138,Yes,03
CO,440555,Yes,03
CO,4261429,Yes,03
CO,742520,Yes,03
CO,2715218,No,03
CO,667915,No,03
CO,1154092,Yes,03
CO,1134104,Yes,03
CO,3655971,DK,03
CO,1413381,DK,03
CO,768451,Yes,03
CO,683041,Yes,03
CO,3740834,DK,03
CO,4855674,No,03
CO,4015617,No,03
CO,4093038,Yes,03
CO,4598609,No,03
CO,984343,No,03
CO,2439333,Yes,03
CO,3379866,No,03
CO,4571996,Yes,03
CO,3137247,No,03
CO,4808873,No,03
CO,3938679,No,03
CO,986849,Yes,03
CO,240277,Yes,03
CO,544156,DK,03
CO,2760013,No,03
CO,3112132,Yes,03
CO,4029816,DK,03
CO,1410217,Yes,03
CO,1434194,No,03
CO,628825,Yes,03
CO,3048660,Yes,03
CO,4480447,DK,03
CO,3285607,Yes,03
CO,2581579,Yes,03
CO,3824391,No,03
CO,2455156,DK,03
CO,592656,Yes,03
CO,181772,Yes,03
CO,3319664,No,03
CO,4497706,Yes,03
CO,3869151,Yes,03
CO,3109305,Yes,03
CO,2485656,DK,03
CO,544274,Yes,03
CO,2163611,No,03
CO,2190149,No,03
CO,2035736,DK,03
CO,1572721,Yes,03
CO,2006982,DK,03
CO,2639980,No,03
CO,2460679,No,03
CO,1818319,Yes,03
CO,3699439,Yes,03
CO,3990412,No,03
CO,2142048,DK,03
CO,2578340,No,03
CO,1952706,Yes,03
CO,3487559,No,03
CO,3887304,No,03
CO,2489456,No,03
CO,4600069,Yes,03
CO,3580231,Yes,03
CO,3865668,No,03
CO,1521653,No,03
CO,2039971,Yes,03
CO,1374667,Yes,03
CO,1402714,Yes,03
CO,2102888,No,03
CO,490293,DK,03
CO,2984942,Yes,03
CO,3943900,Yes,03
CO,4216641,Yes,03
CO,3730411,DK,03
CO,5665,No,03
CO,1978906,Yes,03
CO,2594424,No,03
CO,1235507,No,03
CO,2817928,No,03
CO,1583124,Yes,03
CO,2475502,Yes,03
CO,693027,No,03
CO,3888440,No,03
CO,1918168,No,03
CO,894889,Yes,03
CO,2118039,No,03
CO,1633969,No,03
CO,1613604,DK,03
CO,2330269,Yes,03
CO,2862717,No,03
CO,3679432,Yes,03
CO,1862261,Yes,03
CO,923235,No,03
CO,488627,Yes,03
CO,182614,Yes,03
CO,3136232,Yes,03
CO,1852981,Yes,03
CO,2821089,Yes,03
CO,4396391,No,03
CO,3457437,Yes,03
CO,1673150,No,03
CO,4860921,No,03
CO,1585692,No,03
CO,2525311,Yes,03
CO,420446,Yes,03
CO,2448256,Yes,03
CO,1731761,Yes,03
CO,2398367,Yes,03
CO,82079,DK,03
CO,1772499,No,03
CO,2275419,No,03
CO,3956471,No,03
CO,917103,No,03
CO,2868883,DK,03
CO,502402,No,03
CO,1582843,Yes,03
CO,4273302,Yes,03
CO,3317838,Yes,03
CO,3412201,No,03
CO,1857185,Yes,03
CO,3457346,Yes,03
CO,3608005,Yes,03
CO,2445019,Yes,03
CO,2843384,No,03
CO,201403,Yes,03
CO,482849,No,03
CO,1258584,No,03
CO,1580533,Yes,03
CO,1709396,No,03
CO,1993768,No,03
CO,176426,Yes,03
CO,808173,No,03
CO,605804,Yes,03
CO,2363946,Yes,03
CO,3098242,DK,03
CO,2427451,Yes,03
CO,3566066,No,03
CO,41325,No,03
CO,3811579,No,03
CO,4134697,No,03
CO,4500397,DK,03
CO,4951277,No,03
CO,2504205,No,03
CO,2481613,No,03
CO,2241498,Yes,03
CO,3248835,DK,03
CO,4717524,Yes,03
CO,4865696,Yes,03
CO,52774,No,03
CO,3710917,Yes,03
CO,2129526,Yes,03
CO,1614336,Yes,03
CO,4567217,No,03
CO,877388,No,03
CO,4570121,Yes,03
CO,1319248,Yes,03
CO,3463893,DK,03
CO,4808382,No,03
CO,2015563,No,03
CO,2494969,DK,03
CO,1214924,DK,03
CO,4016094,No,03
CO,4561698,No,03
CO,4782770,Yes,03
CO,273995,No,03
CO,2984607,Yes,03
CO,3309452,No,03
CO,3676945,No,03
CO,234849,No,03
CO,1006500,DK,03
CO,4666263,No,03
CO,441498,Yes,03
CO,447916,No,03
CO,1121675,Yes,03
CO,588571,No,03
CO,2126498,Yes,03
CO,3533499,Yes,03
CO,4381021,DK,03
CO,2145159,Yes,03
CO,3008985,DK,03
CO,3359732,No,03
CO,2609126,No,03
CO,1275888,No,03
CO,1791579,Yes,03
CO,1594558,Yes,03
CO,2649283,No,03
CO,3751374,No,03
CO,4702431,Yes,03
CO,4540334,No,03
CO,1136057,Yes,03
CO,1269309,No,03
CO,1702719,No,03
CO,3196094,Yes,03
CO,782098,DK,03
CO,3883485,Yes,03
CO,402274,Yes,03
CO,4089858,No,03
CO,1661277,No,03
CO,1480415,No,03
CO,2086314,Yes,03
CO,3721043,No,03
CO,2034122,No,03
CO,593793,No,03
CO,1861159,Yes,03
CO,41239,No,03
CO,2437887,Yes,03
CO,4212877,Yes,03
CO,3729190,Yes,03
CO,1855252,Yes,03
CO,3685748,No,03
CO,3205360,No,03
CO,2105459,No,03
CO,2212543,DK,03
CO,1433574,No,03
CO,726364,Yes,03
CO,2611856,No,03
CO,2631504,DK,03
CO,2888139,No,03
CO,3902805,DK,03
CO,3351509,DK,03
CO,3712215,DK,03
CO,3691362,DK,03
CO,4972562,Yes,03
CO,62781,Yes,03
CO,1097066,No,03
CO,287187,Yes,03
CO,1971040,Yes,03
CO,2749212,Yes,03
CO,2850995,Yes,03
CO,2709750,DK,03
CO,4301401,No,03
CO,858714,Yes,03
CO,314571,Yes,03
CO,4149862,Yes,03
CO,1994931,No,03
CO,2877193,DK,03
CO,1306885,Yes,03
CO,827779,Yes,03
CO,2315605,No,03
CO,2687664,Yes,03
CO,2957977,Yes,03
CO,4857235,No,03
CO,1932954,Yes,03
CO,1186758,Yes,03
CO,1592452,Yes,03
CO,2709975,No,03
CO,383237,DK,03
CO,1744249,Yes,03
CO,4207584,Yes,03
CO,4410218,DK,03
CO,2850430,Yes,03
CO,2032544,DK,03
ID,958347,Yes,03
CO,2501343,No,03
CO,3027250,Yes,03
CO,3966912,DK,03
CO,1612668,Yes,03
CO,474665,Yes,03
CO,291083,Yes,03
CO,3717209,Yes,03
CO,2670417,Yes,03
CO,4031800,No,03
CO,846408,Yes,03
CO,3562924,No,03
CO,4489441,No,03
CO,3711427,Yes,03
CO,874223,DK,03
CO,4735096,DK,03
CO,2960661,DK,03
CO,948591,No,03
CO,4613251,No,03
CO,3330846,Yes,03
CO,3329046,No,03
CO,4674837,No,03
CO,1650443,Yes,03
CO,4713102,No,03
CO,2363216,No,03
CO,4227763,Yes,03
CO,3702452,DK,03
CO,3846834,No,03
CO,3254568,No,03
NA,2760853,Yes,03
CO,1720218,No,03
CO,3878016,Yes,03
CO,3047190,Yes,03
CO,4509594,DK,03
CO,2949469,Yes,03
CO,4356849,Yes,03
CO,4541389,No,03
CO,4851176,Yes,03
NY,1642904,Yes,03
CO,3811572,Yes,03
CO,930699,Yes,03
CO,391340,No,03
CO,4817738,No,03
CO,1139563,No,03
CO,4400,No,03
CO,580860,No,03
CO,4949992,Yes,03
CO,1174713,Yes,03
CO,3562208,No,03
CO,103432,No,03
CO,2414214,Yes,03
CO,293217,No,03
CO,1902177,No,03
CO,3214001,Yes,03
CO,2203915,Yes,03
CO,3511813,Yes,03
CO,4125289,No,03
CO,1489253,Yes,03
CO,4177286,No,03
CO,2588407,No,03
CO,1403060,DK,03
CO,2773005,Yes,03
CO,4633074,No,03
CO,1990670,No,03
CO,1219922,Yes,03
CO,810922,No,03
CO,973647,DK,03
CO,104454,No,03
CO,1749287,Yes,03
CO,4795644,No,03
CO,1240297,Yes,03
CO,3523174,Yes,03
CO,2867995,Yes,03
CO,2281168,No,03
CO,3154190,No,03
CO,4190615,Yes,03
CO,3007828,Yes,03
CO,3173199,Yes,03
CO,2370846,Yes,03
CO,3346916,DK,03
CO,273234,Yes,03
CO,3338605,Yes,03
CO,3707679,No,03
CO,3176657,Yes,03
CO,2018044,Yes,03
CO,3052869,Yes,03
CO,4861370,DK,03
CO,753888,No,03
CO,2464374,Yes,03
CO,1795106,Yes,03
CO,4017073,Yes,03
CO,2579455,DK,03
CO,565178,Yes,03
CO,4754926,Yes,03
CO,767104,DK,03
CO,629760,No,03
CO,1346857,No,03
CO,3973316,Yes,03
CO,3876187,DK,03
CO,2172112,No,03
CO,3218949,No,03
CO,873687,DK,03
CO,3560112,Yes,03
CO,2954035,Yes,03
CO,1511293,No,03
CO,4270306,No,03
CO,2753504,Yes,03
CO,4116182,Yes,03
CO,3251286,No,03
CO,1644580,DK,03
CO,1303091,No,03
CO,2222904,Yes,03
CO,2720788,Yes,03
CO,3671441,No,03
CO,991911,No,03
CO,912868,No,03
CO,3074924,No,03
CO,1298062,Yes,03
CO,2334341,DK,03
CO,740969,DK,03
CO,4125287,Yes,03
CO,819284,DK,03
CO,2560748,DK,03
CO,4726348,Yes,03
CO,2363729,No,03
CO,3974741,Yes,03
CO,3173379,No,03
CO,2777123,Yes,03
CO,4708560,No,03
CO,4355514,No,03
CO,3015283,No,03
CO,1825619,Yes,03
CO,2209919,Yes,03
CO,1750278,Yes,03
CO,82129,Yes,03
CO,486497,Yes,03
CO,750118,Yes,03
CO,2653122,DK,03
CO,2654795,Yes,03
CO,3321734,Yes,03
CO,4830567,No,03
CO,3497257,No,03
CO,3668812,Yes,03
CO,2270008,Yes,03
CO,419153,No,03
CO,4336191,Yes,03
CO,413727,Yes,03
CO,4935775,Yes,03
CO,1473453,No,03
CO,834215,No,03
CO,2398480,No,03
CO,591278,No,03
CO,963020,No,03
CO,2023820,DK,03
CO,1627695,No,03
CO,45532,Yes,03
CO,4494965,No,03
CO,1810542,Yes,03
CO,1479927,Yes,03
CO,1111757,DK,03
CO,4011146,Yes,03
CO,1212533,DK,03
CO,4132733,Yes,03
CO,4897148,Yes,03
CO,4861680,No,03
CO,1259922,No,03
CO,4554055,Yes,03
CO,4889655,No,03
CO,3326915,Yes,03
CO,2620894,No,03
CO,2341885,Yes,03
CO,2149072,No,03
CO,3789732,Yes,03
CO,4105127,Yes,03
CO,3653663,DK,03
CA,2357780,Yes,03
CA,1456873,Yes,03
CO,3581255,No,03
CO,3329437,No,03
CO,3368851,Yes,03
CO,627749,Yes,03
NY,2569368,Yes,03
ME,2245802,Yes,03
CO,3073098,Yes,03
CO,1722558,No,03
CO,4031034,DK,03
CO,4923893,Yes,03
CO,1808328,Yes,03
CO,1646158,No,03
CO,659752,DK,03
CO,4213054,Yes,03
CO,2327258,Yes,03
CO,1239597,DK,03
CO,1463362,No,03
CO,728252,DK,03
CO,4487300,No,03
CO,2278093,Yes,03
CO,2778480,Yes,03
CO,4892014,No,03
CO,502366,DK,03
CO,4928957,Yes,03
CO,1380690,Yes,03
CO,3271111,Yes,03
CO,511227,DK,03
CO,4425055,Yes,03
AZ,286043,DK,03
CO,1392217,No,03
CO,4742816,No,03
CO,3201436,Yes,03
CO,1957435,DK,03
CO,764959,No,03
CO,3596590,Yes,03
CO,772098,Yes,03
CO,4761582,Yes,03
FL,4873289,No,03
CO,3981317,DK,03
CO,2831363,DK,03
CO,3548999,No,03
CO,2766360,Yes,03
CO,1992611,Yes,03
CO,3404668,Yes,03
CO,1556958,Yes,03
CO,3590349,DK,03
CO,156999,DK,03
CO,4973627,No,03
CO,756838,Yes,03
CO,4493395,Yes,03
CO,4255412,Yes,03
CO,2480833,No,03
CO,970912,No,03
CO,3993718,Yes,03
CO,2831413,Yes,03
CO,1361250,DK,03
CO,1027342,No,03
CO,2972400,Yes,03
CO,436426,No,03
CO,4617906,No,03
CO,2351624,Yes,03
CO,4681398,No,03
CO,1496287,Yes,03
CO,4451438,Yes,03
CO,67898,Yes,03
CO,3685256,DK,03
CO,227582,DK,03
CO,1936183,DK,03
CO,3708247,No,03
CO,995016,Yes,03
CO,3159564,Yes,03
CO,3120204,DK,03
CO,905028,Yes,03
CO,56962,No,03
CO,2612013,No,03
CO,1982060,Yes,03
CO,4913747,DK,03
CO,254544,Yes,03
CO,3267036,DK,03
CO,3586066,DK,03
CO,1436916,Yes,03
CO,1305201,DK,03
CO,2189935,DK,03
CO,932986,DK,03
CO,3220830,Yes,03
CO,2443871,No,03
CO,1670200,DK,03
CO,4988637,Yes,03
CO,1934009,Yes,03
CO,827418,Yes,03
CO,1313929,Yes,03
CO,3363618,Yes,03
CO,826903,Yes,03
CO,3095990,Yes,03
CO,1596272,DK,03
CO,1031457,Yes,03
CO,2018593,DK,03
CO,4454349,DK,03
CO,700478,Yes,03
CO,616522,No,03
CO,872138,No,03
CO,3475118,Yes,03
CO,1623561,No,03
CO,1568770,No,03
CO,926622,No,03
CO,2411630,DK,03
CO,2301810,Yes,03
CO,112946,Yes,03
CO,4820427,DK,03
CO,779295,DK,03
CO,339191,DK,03
CO,1125582,Yes,03
CO,737223,No,03
CO,4642167,No,03
CO,3431367,Yes,03
CO,3129107,No,03
CO,4714362,Yes,03
CO,444599,DK,03
CO,1138321,DK,03
CO,2385700,Yes,03
CO,2972058,DK,03
CO,4943097,Yes,03
CO,2872605,Yes,03
CO,3918135,Yes,03
CO,4341076,Yes,03
CO,871591,DK,03
CO,2593773,DK,03
CO,608516,No,03
CO,3339154,No,03
CO,3025050,No,03
CO,4593367,No,03
CO,4514895,Yes,03
CO,1881175,No,03
CO,192988,DK,03
CO,4993816,Yes,03
CO,3394318,No,03
CO,1033009,No,03
CO,3533320,DK,03
CO,2641038,Yes,03
CO,1062020,Yes,03
CO,3145395,No,03
CO,457485,DK,03
CO,1050394,DK,03
CO,1204211,DK,03
CO,4914816,DK,03
CO,3672295,No,03
CO,846607,No,03
CO,467884,No,03
CO,821108,Yes,03
CO,2316381,Yes,03
CO,1995774,Yes,03
CO,2737042,No,03
CO,3039268,DK,03
WI,779677,No,03
CO,4032254,No,03
CO,4268498,Yes,03
CO,2152674,DK,03
CO,4359976,Yes,03
CO,4640781,Yes,03
CO,1012257,Yes,03
CO,2640765,Yes,03
CO,3085016,Yes,03
CO,1897667,No,03
CO,158665,Yes,03
CO,1551190,No,03
CO,1422564,Yes,03
CA,2260846,Yes,03
CO,307030,No,03
CO,4288217,Yes,03
CO,2382268,DK,03
CO,412397,Yes,03
CO,548546,DK,03
CO,1179746,DK,03
CO,1971131,DK,03
CO,3857656,No,03
CO,2572232,Yes,03
CO,676593,Yes,03
CO,1283963,Yes,03
CO,4748884,Yes,03
CO,1248679,No,03
CO,2557315,No,03
CO,3904000,No,03
CO,3797600,Yes,03
CO,326130,DK,03
CO,2164993,Yes,03
CO,3049163,Yes,03
CO,1964216,Yes,03
CO,1532432,DK,03
CO,833938,Yes,03
CO,180892,Yes,03
CO,3593749,No,03
CO,4235495,No,03
CO,2335786,No,03
CO,1747423,Yes,03
CO,2522982,DK,03
CO,1633279,No,03
CO,1375739,DK,03
CO,506857,Yes,03
CO,2472067,DK,03
CO,3055376,DK,03
CO,2013424,DK,03
CO,4384513,No,03
CO,716973,No,03
CO,3016632,Yes,03
CO,3227799,Yes,03
CO,3633804,Yes,03
CO,4721574,Yes,03
CO,630658,No,03
CO,3001086,Yes,03
CO,3625162,Yes,03
CO,544788,Yes,03
CO,927808,DK,03
CO,217691,Yes,03
CO,4363598,DK,03
CO,943028,Yes,03
CO,4587230,DK,03
CO,3914741,DK,03
CO,1425685,Yes,03
CO,828711,Yes,03
CO,3178775,DK,03
CO,3495805,No,03
CO,219119,No,03
CO,2322162,No,03
CO,1167867,Yes,03
CO,2815431,Yes,03
CO,4040241,DK,03
CO,2300348,DK,03
CO,1467996,Yes,03
CO,4880224,No,03
CO,2550513,No,03
CO,514553,DK,03
CO,996756,No,03
CO,4868220,DK,03
CO,369181,No,03
CO,301904,No,03
CO,3104702,DK,03
CO,173219,No,03
CO,4993014,Yes,03
CO,630666,No,03
CO,2974013,Yes,03
CO,340351,DK,03
CO,1559753,Yes,03
CO,2673799,No,03
CO,1777032,Yes,03
CO,3801326,Yes,03
CO,3717808,No,03
CO,3324591,DK,03
CO,3877999,Yes,03
CO,4664390,DK,03
CO,1380941,Yes,03
CO,4832916,DK,03
CO,4412723,Yes,03
CO,22520,No,03
CO,808276,No,03
CO,912926,DK,03
CO,583720,Yes,03
CO,199217,Yes,03
CO,4355912,Yes,03
CO,1400579,Yes,03
CO,4344045,No,03
CO,2963205,No,03
CO,693972,Yes,03
CO,585011,Yes,03
CO,3833615,Yes,03
CO,1912717,Yes,03
CO,1815032,No,03
CO,139141,No,03
CO,4119888,Yes,03
CO,2695576,Yes,03
CO,1361095,DK,03
CO,4543427,No,03
CO,1167178,DK,03
CO,1127373,No,03
CO,2765845,DK,03
CO,3778335,DK,03
CO,750211,DK,03
CO,1684066,No,03
CO,3460464,No,03
CO,34337,DK,03
CO,145134,Yes,03
CO,2512442,No,03
CO,1692448,Yes,03
CO,489611,Yes,03
CO,3706240,DK,03
CO,2971774,DK,03
CO,2024272,No,03
CO,4226943,Yes,03
CO,2796650,No,03
CO,2234899,No,03
CO,2087615,Yes,03
CO,2049694,No,03
CO,3050478,Yes,03
CO,3216067,Yes,03
CO,1953998,No,03
CO,640471,Yes,03
CO,3429345,Yes,03
CO,2367475,No,03
CO,184896,DK,03
CO,2622626,DK,03
CO,3248938,Yes,03
CO,2884399,DK,03
CO,4881687,No,03
CO,2189105,No,03
CO,2410119,No,03
CO,1536116,Yes,03
CO,2874867,No,03
CO,1548813,Yes,03
CO,1966187,DK,03
CO,4882228,No,03
CO,3374899,DK,03
CO,1862988,Yes,03
CO,31572,Yes,03
CO,3358180,No,03
CO,62271,No,03
CO,10606,Yes,03
CO,2941747,Yes,03
CO,1933105,No,03
CO,1398692,Yes,03
CO,1304320,No,03
CO,1707665,DK,03
CO,2763502,No,03
CO,1022926,No,03
CO,982708,Yes,03
CO,1176980,DK,03
CO,2183548,No,03
CO,386531,DK,03
CO,330937,No,03
CO,49466,No,03
CO,1027058,No,03
CO,4031762,No,03
CO,1272424,Yes,03
CO,3135791,Yes,03
CO,1946156,No,03
CO,2392321,No,03
CO,768957,No,03
CO,3515730,DK,03
CO,1644914,Yes,03
CO,2658123,Yes,03
CO,4197053,No,03
CO,1456826,DK,03
CO,4260901,DK,03
CO,566639,DK,03
CO,4022129,No,03
CO,1078202,Yes,03
CO,2735448,No,03
CO,1876811,No,03
CO,3252747,DK,03
CO,681947,Yes,03
CO,792960,Yes,03
CO,1692256,No,03
CO,2197107,No,03
CO,1873197,No,03
CO,716490,Yes,03
CO,2928619,DK,03
CO,2252434,No,03
CO,2318927,No,03
CO,3350987,Yes,03
CO,250517,Yes,03
CO,3136068,Yes,03
CO,554813,DK,03
CO,3178592,DK,03
CO,1064990,No,03
CO,2594124,No,03
CO,3758028,No,03
CO,1719428,No,03
CO,1981541,No,03
CO,4504907,Yes,03
CO,145009,No,03
CO,2336355,DK,03
CO,743201,Yes,03
CO,637292,Yes,03
CO,3001641,Yes,03
CO,3609774,Yes,03
CO,3015834,No,03
CO,3996185,Yes,03
CO,3315159,No,03
CO,2277088,DK,03
CO,4552479,Yes,03
CO,3274269,No,03
CO,4789378,No,03
CO,2700943,No,03
CO,3504667,No,03
CO,2264577,Yes,03
CO,4261068,No,03
CO,694575,No,03
CO,1685676,No,03
CO,469653,DK,03
CO,3652142,Yes,03
CO,2081273,No,03
CO,2483383,Yes,03
CO,2024440,Yes,03
CO,3888782,No,03
CO,2299107,DK,03
CO,2789405,No,03
CO,2392525,No,03
CO,1040102,DK,03
CO,1223779,Yes,03
CO,1854467,DK,03
CO,2579064,No,03
CO,2544084,Yes,03
CO,2590343,DK,03
CO,1736311,DK,03
CO,540474,Yes,03
CO,2765048,DK,03
CO,2773226,Yes,03
CO,692251,Yes,03
CO,3576134,No,03
CO,3623781,Yes,03
CO,3062664,Yes,03
CO,4389938,No,03
CO,1735535,Yes,03
CO,1580477,No,03
CO,1033835,DK,03
CO,1137908,DK,03
CO,596938,DK,03
CO,3596781,No,03
CO,4265460,DK,03
CO,1940471,No,03
CO,3343842,Yes,03
CO,4273467,DK,03
CO,4482577,Yes,03
CO,2086562,No,03
CO,1946756,Yes,03
CO,4636069,No,03
CO,1114701,DK,03
CO,1804121,DK,03
CO,1942338,Yes,03
CO,3508481,Yes,03
CO,2288522,Yes,03
CO,4148849,No,03
CO,3331029,DK,03
CO,1788842,No,03
CO,2569732,Yes,03
CO,1179889,No,03
CO,28301,DK,03
CO,2709102,No,03
CO,3213512,Yes,03
CO,2303431,Yes,03
CO,4980571,Yes,03
CO,4955626,No,03
CO,1399505,No,03
CO,4034711,DK,03
CO,3490780,DK,03
CO,1112642,Yes,03
CO,3621090,Yes,03
CO,219842,DK,03
CO,4839310,DK,03
CO,2893686,Yes,03
CO,4263374,DK,03
CO,3358262,Yes,03
CO,2466728,No,03
CO,4454983,Yes,03
CO,4817608,Yes,03
CO,3506678,DK,03
CO,3925262,Yes,03
CO,2841135,DK,03
CO,4973842,No,03
CO,2702606,Yes,03
WA,1636209,Yes,03
CO,4177995,No,03
CO,400792,No,03
CO,4037510,DK,03
CO,988419,Yes,03
CO,4174096,Yes,03
CO,3870858,Yes,03
CO,3067815,DK,03
CO,1904664,Yes,03
CO,1955968,DK,03
CO,3412332,Yes,03
CO,4864727,Yes,03
CO,3193188,DK,03
CO,1238561,DK,03
CO,1868017,No,03
CO,3225382,No,03
CO,2183445,No,03
CO,1640698,Yes,03
CO,34738,DK,03
CO,356864,DK,03
CO,1291250,DK,03
CO,3409880,Yes,03
CO,1995062,Yes,03
CO,437313,Yes,03
CO,2900103,No,03
CO,2929606,Yes,03
CO,4127150,DK,03
CO,4924406,DK,03
CO,3598516,No,03
CO,3987409,Yes,03
CO,498991,No,03
CO,576386,Yes,03
CO,61726,Yes,03
CO,1602673,Yes,03
CO,1256217,No,03
CO,159627,No,03
CO,4382142,DK,03
CO,996301,DK,03
CO,4275508,DK,03
CO,1952977,Yes,03
CO,1654559,Yes,03
CO,1194986,DK,03
CO,837541,DK,03
CO,4875240,Yes,03
CO,4829474,No,03
CO,685452,No,03
CO,3706912,DK,03
CO,4519993,No,03
CO,4632381,Yes,03
CO,1467856,DK,03
CO,3395277,Yes,03
CO,469801,Yes,03
CO,3667021,No,03
CO,2895559,Yes,03
CO,3289017,Yes,03
CO,393387,DK,03
CO,4444516,No,03
CO,4132437,DK,03
CO,155034,Yes,03
CO,3006582,DK,03
CO,4820450,No,03
CO,2623794,Yes,03
CO,2092838,DK,03
CO,182597,No,03
CO,1848237,No,03
CO,1721518,No,03
CO,2809821,DK,03
CO,4874533,No,03
CO,214081,Yes,03
CO,878223,Yes,03
CO,619001,Yes,03
CO,1954647,Yes,03
CO,4166189,DK,03
CO,4060007,DK,03
CO,1118495,DK,03
CO,61239,Yes,03
CO,3377875,No,03
CO,2188755,No,03
CO,3138842,No,03
CO,3627259,No,03
CO,1248370,Yes,03
CO,1815142,No,03
CO,788170,Yes,03
CO,2830796,Yes,03
CO,1609636,Yes,03
CO,4483206,Yes,03
CO,4736457,No,03
CO,2163276,DK,03
CO,236036,Yes,03
CO,1281144,No,03
CO,4073283,Yes,03
CO,1232017,DK,03
CO,3772136,Yes,03
CO,2911995,Yes,03
CO,4027830,DK,03
CO,736403,DK,03
CO,4268613,No,03
CO,1953854,DK,03
CO,4346636,Yes,03
CO,2260433,No,03
CO,4978729,No,03
CO,1828144,Yes,03
CO,3668037,No,03
CO,1383737,No,03
CO,3717303,Yes,03
CO,2392121,No,03
CO,2776168,Yes,03
CO,3004952,No,03
CO,3147962,No,03
CO,4288568,No,03
CO,4099565,No,03
CO,335939,No,03
CO,1606796,DK,03
CO,267185,No,03
CO,4586734,No,03
CO,4363136,DK,03
CO,1476534,Yes,03
CO,3215982,DK,03
CO,2026610,No,03
CO,1013178,Yes,03
CO,2320036,No,03
CO,4159609,DK,03
CO,4244930,No,03
CO,3371595,Yes,03
CO,1730580,Yes,03
CO,459346,DK,03
CO,2088543,Yes,03
CO,4633553,DK,03
CO,3263241,No,03
CO,4292309,Yes,03
CO,459544,DK,03
CO,311599,No,03
CO,1994097,No,03
CO,4751551,No,03
CO,4575609,DK,03
CO,4371518,No,11
CO,999789,No,11
CO,1149198,No,11
CO,1953118,No,11
CO,4234376,No,11
CO,58996,DK,11
CO,1822672,No,11
CO,337863,DK,11
CO,617063,No,11
CO,2137492,No,11
CO,3046520,DK,11
CO,4423304,No,11
CO,4840771,DK,11
CO,3529663,DK,11
CO,72754,DK,11
CO,3627224,DK,11
CO,174439,No,11
CO,2247854,Yes,11
CO,912954,No,11
CO,1258746,No,11
CO,3868405,Yes,11
CO,2214786,Yes,11
CO,4486746,No,11
CO,1477538,DK,11
CO,1375707,Yes,11
CO,2710294,No,11
CO,3817551,Yes,11
CO,1306792,No,11
CO,4136264,Yes,11
CO,1721250,No,11
CO,1770179,Yes,11
CO,4337009,DK,11
CO,295724,No,11
CO,808044,No,11
CO,4526969,No,11
CO,3134030,DK,11
CO,4405962,No,11
CO,1957873,Yes,11
CO,3967483,No,11
CO,59902,Yes,11
CO,2070477,No,11
CO,203095,No,11
CO,209099,Yes,11
CO,2711537,Yes,11
CO,4147652,DK,11
CO,1420315,Yes,11
CO,747651,DK,11
CO,4103913,Yes,11
CO,3530775,Yes,11
CO,1346186,Yes,11
CO,4364116,DK,11
CO,479689,DK,11
CO,720037,Yes,11
CO,1265708,Yes,11
CO,1664049,DK,11
CO,3806686,DK,11
CO,3593231,No,11
CO,4309592,Yes,11
CO,1042981,Yes,11
CO,1333890,Yes,11
CO,2010051,No,11
CO,1607283,Yes,11
CO,2906957,Yes,11
CO,2624392,Yes,11
CO,3390923,Yes,11
CO,2337969,DK,11
CO,4390345,No,11
CO,2425716,No,11
CO,4689394,DK,11
CO,973076,No,11
CO,2880334,DK,11
CO,2433115,Yes,11
CO,4952170,Yes,11
CO,4421791,No,11
CO,4535632,Yes,11
CO,4464318,No,11
CO,1917188,Yes,11
CO,3586043,No,11
CO,1604673,DK,11
CO,4408516,No,11
CO,906312,Yes,11
CO,4335826,DK,11
CO,1547909,No,11
CO,4385954,Yes,11
CO,1476169,No,11
CO,2170427,Yes,11
CO,2209545,DK,11
CO,695410,Yes,11
IL,142907,DK,11
CO,4899136,DK,11
CO,155936,No,11
CO,3064808,DK,11
CO,1701907,DK,11
CO,4208671,No,11
CO,3795793,Yes,11
CO,3435873,Yes,11
CO,753129,Yes,11
CO,4040859,Yes,11
CO,2830720,DK,11
CO,263909,Yes,11
CO,3536022,DK,11
CO,225569,Yes,11
CO,4816528,Yes,11
CO,1085462,DK,11
CO,4538168,No,11
CO,960676,Yes,11
CO,398082,No,11
CO,1118500,DK,11
CO,1962799,Yes,11
CO,4966750,No,11
CO,2037350,DK,11
CO,3144490,Yes,11
CO,1387221,DK,11
CO,806853,No,11
CO,1059308,No,11
CO,308832,Yes,11
CO,4911024,No,11
CO,309487,Yes,11
CO,584350,DK,11
CO,3538507,DK,11
CO,143294,Yes,11
CO,2940763,No,11
CO,4993447,Yes,11
CO,4579942,Yes,11
CO,5957,Yes,11
CO,2757928,DK,11
CO,2948812,Yes,11
CO,2514424,DK,11
CO,4893474,Yes,11
CO,2193497,Yes,11
CO,4215228,Yes,11
CO,32594,No,11
CO,1105565,No,11
CO,3043107,Yes,11
CO,1285323,No,11
CO,19675,No,11
CO,2688903,Yes,11
CO,2712463,No,11
CO,4829326,No,11
CO,4198892,No,11
CO,3298193,DK,11
CO,4541703,DK,11
CO,626279,DK,11
CO,103453,No,11
CO,514416,Yes,11
CO,2207678,Yes,11
CO,1357600,Yes,11
CO,170601,Yes,11
CO,304259,DK,11
CO,3540306,No,11
CO,1157028,Yes,11
CO,3289263,DK,11
CO,25277,Yes,11
CO,4441399,No,11
CO,3114445,No,11
CO,3519686,No,11
CO,3594347,No,11
CO,4560737,DK,11
CO,684927,Yes,11
CO,2239449,Yes,11
CO,2851276,Yes,11
CO,1881185,DK,11
CO,3571264,Yes,11
CO,4238049,No,11
CO,4049089,No,11
CO,2548997,No,11
CO,1427367,No,11
CO,988807,No,11
CO,2149937,DK,11
CO,135213,No,11
CO,4409537,Yes,11
CO,3472490,Yes,11
CO,2471065,DK,11
CO,3404705,Yes,11
CO,636868,No,11
CO,2764032,Yes,11
CO,1524531,No,11
CO,3676254,No,11
CO,452115,Yes,11
CO,83050,DK,11
CO,1900517,DK,11
CO,1775810,Yes,11
CO,393076,No,11
CO,1413259,Yes,11
CO,2903942,No,11
CO,4187647,Yes,11
CO,2224484,No,11
CO,3736115,Yes,11
CO,2227457,DK,11
CO,2327542,No,11
CO,136050,Yes,11
CO,3365738,DK,11
CO,3053880,DK,11
CO,2210780,Yes,11
CO,2317613,Yes,11
CO,266824,Yes,11
CO,1375304,Yes,11
CO,3436221,DK,11
CO,4865259,No,11
CO,4888703,No,11
CO,2403824,No,11
CO,4876074,No,11
CO,4802850,Yes,11
CO,292881,No,11
CO,2729505,Yes,11
CO,2559491,Yes,11
CO,23240,No,11
CO,769632,Yes,11
CO,4178897,No,11
CO,540403,DK,11
CO,2840394,No,11
CO,4541643,DK,11
CO,2658199,No,11
CO,2659833,DK,11
CO,3978439,Yes,11
CO,1099549,Yes,11
CO,997199,No,11
CO,3275403,No,11
CO,3537011,Yes,11
CO,2498289,No,11
CO,2985499,Yes,11
CO,2853619,No,11
CO,3885550,Yes,11
CO,708387,DK,11
CO,1714371,No,11
CO,3588779,Yes,11
CO,2859530,Yes,11
CO,3999902,Yes,11
CO,3729017,DK,11
CO,3294732,DK,11
CO,2779979,Yes,11
CO,1675328,No,11
CO,1674921,No,11
CO,4694747,No,11
CO,4177894,Yes,11
CO,3485408,No,11
CO,41442,Yes,11
CO,1537237,DK,11
CO,559160,No,11
CO,1831421,DK,11
CO,4841818,Yes,11
CO,4271822,No,11
CO,2747246,No,11
CO,4761367,No,11
CO,3878339,No,11
CO,950920,Yes,11
CO,4958267,DK,11
CO,3228929,No,11
CO,174433,No,11
CO,457973,DK,11
CO,1335299,No,11
CO,4618495,No,11
CO,3588599,DK,11
CO,1286154,Yes,11
CO,3869251,Yes,11
CO,1438874,Yes,11
CO,3068187,DK,11
CO,936997,Yes,11
CO,4386292,No,11
CO,1225968,Yes,11
CO,844440,Yes,11
CO,1064981,Yes,11
CO,48185,Yes,11
CO,784827,No,11
CO,1547877,No,11
CO,2186680,No,11
CO,3547030,DK,11
CO,2611124,No,11
CO,3296496,DK,11
CO,1964579,No,11
CO,2984349,Yes,11
CO,4700268,Yes,11
CO,999434,No,11
CO,3382112,No,11
CO,2531772,Yes,11
CO,2866779,No,11
CO,1852449,No,11
CO,3545052,Yes,11
CO,4000966,Yes,11
CO,4843869,No,11
CO,1676250,No,11
CO,2451321,Yes,11
CO,3945153,Yes,11
CO,3195653,Yes,11
CO,3029104,No,11
CO,2206637,No,11
CO,1167791,Yes,11
CO,778452,No,11
CO,2354061,No,11
CO,1400333,No,11
CO,1755565,Yes,11
CO,1093865,Yes,11
CO,2534949,No,11
CO,3896838,Yes,11
CO,3993118,No,11
CO,2372322,Yes,11
CO,687857,Yes,11
CO,3397820,DK,11
CO,1398832,Yes,11
CO,3579527,No,11
CO,390280,No,11
CO,1980791,Yes,11
CO,4785376,DK,11
CO,4861640,No,11
CO,1739791,Yes,11
CO,118736,No,11
CO,2577102,Yes,11
CO,1067218,Yes,11
CO,792198,No,11
CO,1923901,No,11
CO,1967138,Yes,11
CO,1491227,No,11
CO,4741006,Yes,11
CO,3062822,No,11
CO,2476985,No,11
CO,2261097,Yes,11
CO,2943221,No,11
CO,4582183,Yes,11
CO,1071017,Yes,11
CO,4408905,DK,11
CO,4747027,No,11
CO,3190053,DK,11
CO,4461301,Yes,11
CO,4483635,No,11
CO,4668328,No,11
CO,3097921,No,11
CO,1897628,Yes,11
CO,1676807,Yes,11
CO,2078194,Yes,11
CO,3692438,No,11
CO,2950737,No,11
CO,2214527,No,11
CO,727489,DK,11
CO,4550655,DK,11
CO,1882406,Yes,11
CO,2706844,No,11
CO,4030145,DK,11
CO,1489457,Yes,11
CO,3002173,DK,11
CO,4141847,Yes,11
CO,24769,Yes,11
CO,3044813,Yes,11
CO,4848753,Yes,11
CO,660260,DK,11
CO,4269672,Yes,11
CO,2570768,No,11
CO,4686028,DK,11
CO,4874488,Yes,11
CO,3460296,Yes,11
CO,2108022,Yes,11
CO,1451807,DK,11
CO,3318931,Yes,11
CO,2935038,Yes,11
CO,3951111,No,11
CO,1383106,No,11
CO,175525,No,11
CO,450673,Yes,11
CO,1613662,No,11
CO,788682,No,11
CO,1876707,Yes,11
CO,461986,Yes,11
CO,4325826,No,11
CO,279540,Yes,11
CO,767402,Yes,11
CO,4668383,DK,11
CO,2801347,No,11
CO,4825954,Yes,11
CO,2148444,Yes,11
CO,2149743,Yes,11
CO,4407791,No,11
CO,657097,Yes,11
CO,4799904,No,11
CO,3970928,Yes,11
CO,741220,No,11
CO,3040629,Yes,11
CO,439066,Yes,11
CO,4328905,Yes,11
CO,560221,No,11
CO,4792444,DK,11
CO,386730,No,11
CO,563475,Yes,11
CO,772263,Yes,11
CO,4129784,No,11
CO,2417691,Yes,11
CO,1718770,Yes,11
CO,4991469,No,11
CO,4099806,Yes,11
CO,4532849,No,11
CO,1601738,Yes,11
CO,1585618,Yes,11
CO,2803376,No,11
CO,598153,No,11
CO,3519194,Yes,11
CO,4488965,No,11
CO,1860095,Yes,11
CO,4127891,Yes,11
CO,3702334,No,11
CO,4118709,No,11
CO,4849446,Yes,11
CO,2478506,DK,11
CO,3814140,No,11
CO,1314851,DK,11
CO,207206,Yes,11
CO,2362388,Yes,11
CO,3008875,No,11
CO,3914903,DK,11
CO,2461743,DK,11
CO,3665237,DK,11
CO,2290858,Yes,11
CO,3955867,No,11
CO,2968,Yes,11
CO,2651368,No,11
CO,4063776,Yes,11
CO,1120586,No,11
CO,983317,No,11
CO,2268525,Yes,11
CO,4318047,Yes,11
CO,1539309,No,11
CO,1275593,Yes,11
CO,4843629,Yes,11
CO,2691521,DK,11
CO,7389,Yes,11
CO,4302998,Yes,11
CO,2904572,DK,11
CO,4281892,DK,11
CO,4117141,DK,11
CO,2594027,Yes,11
CO,25778,No,11
CO,321049,Yes,11
CO,597753,No,11
CO,1535609,No,11
CO,3624908,No,11
CO,1307633,No,11
CO,2937492,No,11
CO,2000159,No,11
CO,3105396,DK,11
CO,1581017,Yes,11
CO,1854929,Yes,11
CO,3207607,Yes,11
CO,4031964,Yes,11
CO,4052707,DK,11
CO,1164318,No,11
CO,3998005,Yes,11
CO,3686930,DK,11
CO,1947992,Yes,11
CO,638884,Yes,11
CO,4966144,Yes,11
CO,1866453,Yes,11
CO,4375449,Yes,11
CO,3542432,DK,11
CO,2432213,No,11
CO,1472504,DK,11
CO,3899820,No,11
CO,2166718,Yes,11
CO,2748560,No,11
CO,584506,Yes,11
CO,2741389,DK,11
CO,3546742,Yes,11
CO,4683810,DK,11
CO,649980,Yes,11
CO,1542185,No,11
CO,4944398,DK,11
CO,4242549,No,11
CO,689738,No,11
CO,2504225,DK,11
CO,4097286,DK,11
CO,558342,Yes,11
CO,564563,DK,11
CO,4849606,Yes,11
CO,2025160,Yes,11
CO,4667870,Yes,11
CO,4358770,No,11
CO,3781937,DK,11
CO,1972652,No,11
CO,4233160,Yes,11
CO,2519591,Yes,11
CO,1953900,Yes,11
CO,1741425,No,11
CO,1249399,No,11
CO,1479424,DK,11
CO,3820957,No,11
CO,1002899,DK,11
CO,4780143,DK,11
CO,3720402,No,11
CO,1405679,DK,11
CO,2486789,DK,11
CO,4440597,No,11
CO,4501863,Yes,11
CO,2561875,DK,11
CO,4354595,No,11
CO,4219747,Yes,11
CO,2167210,Yes,11
CO,184412,No,11
CO,2932682,No,11
CO,369794,Yes,11
CO,3245530,Yes,11
CO,4209529,No,11
CO,774450,No,11
CO,1142730,No,11
CO,4483303,Yes,11
CO,551208,No,11
CO,136699,No,11
CO,2306321,Yes,11
CO,239963,DK,11
CO,2123253,Yes,11
CO,3880463,Yes,11
CO,2296310,Yes,11
CO,1920402,DK,11
CO,745161,Yes,11
CO,2949648,No,11
CO,2728503,DK,11
CO,1951459,Yes,11
CO,2615469,Yes,11
CO,470695,DK,11
CO,3250840,No,11
CO,4864093,Yes,11
CO,25075,No,11
CO,178323,No,11
CO,828526,No,11
CO,4086160,Yes,11
CO,4625030,No,11
CO,901364,Yes,11
CO,4238824,No,11
CO,2626532,No,11
CO,4374989,Yes,11
CO,2989839,Yes,11
CO,3683543,Yes,11
CO,4814855,Yes,11
CO,2544956,Yes,11
CO,3787040,DK,11
CO,2228993,DK,11
CO,2058911,Yes,11
CO,3548397,No,11
CO,1814678,Yes,11
CO,170697,No,11
CO,3734647,No,11
CO,2719549,No,11
CO,1493231,DK,11
CO,289035,Yes,11
CO,2995048,DK,11
CO,4636823,No,11
CO,1872687,Yes,11
CO,2276792,No,11
CO,4095619,Yes,11
CO,1580101,No,11
CO,3011070,No,11
CO,2268157,No,11
CO,1452720,Yes,11
CO,2445231,Yes,11
CO,1378516,No,11
CO,2556395,Yes,11
CO,1855600,No,11
CO,4886492,DK,11
CO,91437,Yes,11
CO,857955,Yes,11
CO,4699915,DK,11
CO,2261743,DK,11
CO,3769533,No,11
CO,663111,Yes,11
CO,3800308,No,11
CO,1779965,DK,11
CO,760306,Yes,11
CO,4906968,Yes,11
CO,2564495,DK,11
CO,2463085,DK,11
CO,2448150,Yes,11
CO,4610062,Yes,11
CO,1445701,DK,11
CO,3901073,DK,11
CO,3460041,No,11
CO,2152184,No,11
CO,2951529,Yes,11
CO,2347862,Yes,11
CO,1382646,No,11
CO,3919773,No,11
CO,1759940,No,11
CO,4109956,DK,11
CO,2647319,Yes,11
CO,4879747,Yes,11
CO,3391528,Yes,11
CO,4998897,No,11
CO,3480685,DK,11
CO,1616555,No,11
CO,758752,DK,11
CO,4102529,No,11
CO,2159699,Yes,11
CO,2464620,DK,11
CO,1587820,DK,11
CO,4631746,Yes,11
CO,2067712,DK,11
CO,840865,DK,11
CO,99905,No,11
CO,1576262,Yes,11
CO,4863383,No,11
CO,2130750,Yes,11
CO,1827109,Yes,11
CO,3015535,DK,11
CO,1517674,Yes,11
CO,976598,Yes,11
CO,3080109,Yes,11
CO,3331045,DK,11
CO,348516,No,11
CO,1524251,Yes,11
CO,1923722,DK,11
CO,4352965,Yes,11
CO,1803289,DK,11
CO,2186736,Yes,11
CO,2024732,No,11
CO,2072004,Yes,11
CO,4992288,Yes,11
CO,858511,No,11
CO,3588017,Yes,11
CO,346770,Yes,11
CO,3973365,No,11
CO,3974396,Yes,11
CO,4473753,No,11
CO,4686884,No,11
CO,1939797,Yes,11
CO,1061350,Yes,11
CO,773771,Yes,11
CO,447570,Yes,11
CO,2610549,Yes,11
CO,4067223,Yes,11
CO,3602756,Yes,11
CO,1658413,No,11
CO,4688397,Yes,11
CO,347582,DK,11
CO,4845802,Yes,11
CO,2161735,No,11
CO,3867744,DK,11
CO,1433037,No,11
CO,2193787,No,11
CO,2451214,Yes,11
CO,1362522,No,11
CO,4795775,No,11
CO,3738388,Yes,11
CO,2283590,No,11
CO,840047,Yes,11
CO,670196,No,11
CO,80698,No,11
CO,533801,DK,11
CO,635458,No,11
CO,1683632,No,11
CO,3664240,No,11
CO,1912238,No,11
CO,2486962,No,11
CO,399977,No,11
CO,4956484,Yes,11
CO,459309,Yes,11
CO,2154198,No,11
CO,4889519,DK,11
CO,4025200,DK,11
CO,2295288,No,11
CO,1753551,No,11
CO,4167323,No,11
NA,3047655,No,11
CO,4933102,Yes,11
CO,1184735,DK,11
CO,4589710,No,11
CO,3635648,No,11
CO,2720247,Yes,11
CO,2739890,No,11
CO,206168,No,11
CO,1093596,No,11
CO,2890282,DK,11
CO,686191,Yes,11
CO,4015374,No,11
CO,122903,Yes,11
CO,985174,Yes,11
CO,3775164,DK,11
CO,2443719,No,11
CO,476422,No,11
CO,3795595,Yes,11
CO,4340751,No,11
CO,2705641,DK,11
CO,1939401,DK,11
CO,2223038,No,11
CO,3303322,Yes,11
CO,3149176,Yes,11
CO,3216047,DK,11
CO,1584695,Yes,11
CO,2532339,No,11
CO,4334098,Yes,11
CO,4196208,No,11
CO,583324,No,11
CO,18394,Yes,11
CO,3564352,Yes,11
CO,3425530,No,11
CO,3079211,Yes,11
CO,4500308,Yes,11
CO,2117872,Yes,11
CO,3315710,Yes,11
CO,1111654,DK,11
CO,2962554,No,11
CO,4899537,DK,11
CO,2779246,Yes,11
CO,1589325,Yes,11
CO,4437790,Yes,11
CO,4534644,No,11
CO,4329133,Yes,11
CO,152308,Yes,11
CO,3569341,Yes,11
CO,4444702,Yes,11
CO,3925505,No,11
CO,4587607,No,11
CO,1992107,Yes,11
CO,4359587,No,11
CO,2184235,Yes,11
CO,3514157,No,11
CO,1708504,No,11
CO,4878913,No,11
CO,2570638,No,11
CO,1403411,No,11
CO,1949194,Yes,11
CO,4555688,Yes,11
CO,402063,DK,11
CO,299201,DK,11
CO,1881537,DK,11
CO,4356213,No,11
CO,3151948,No,11
CO,3471964,Yes,11
CO,243390,Yes,11
CO,2048412,No,11
CO,3786884,Yes,11
CO,144652,No,11
CO,15666,DK,11
CO,984350,No,11
CO,1951008,No,11
CO,1875796,Yes,11
CO,4454499,Yes,11
CO,144473,DK,11
CO,2363538,DK,11
CO,2370257,No,11
CO,929016,Yes,11
CO,4926677,Yes,11
CO,1931234,Yes,11
CO,4752132,No,11
CO,3048885,DK,11
CO,875776,Yes,11
CO,551916,DK,11
CO,3550177,No,11
CO,1209848,Yes,11
CO,1044479,Yes,11
CO,1701387,DK,11
CO,4083661,No,11
CO,1232475,Yes,11
CO,4925941,Yes,11
CO,4104467,No,11
CO,2873906,Yes,11
CO,1047171,No,11
CO,545095,Yes,11
CO,1891238,No,11
CO,2891764,Yes,11
CO,4426167,No,11
CO,3785298,No,11
CO,3704629,DK,11
CO,22995,No,11
CO,2479301,No,11
CO,2300364,Yes,11
CO,2624088,Yes,11
CO,2431540,No,11
CO,4830739,Yes,11
CO,1984717,No,11
CO,2649136,No,11
CO,1431979,No,11
CO,4098492,Yes,11
CO,485168,Yes,11
CO,3412494,Yes,11
CO,4121769,Yes,11
CO,1784052,Yes,11
CO,3423847,Yes,11
CO,2450536,Yes,11
CO,3262123,Yes,11
CO,1870018,Yes,11
CO,1479017,No,11
CO,1445320,DK,11
CO,509720,Yes,11
CO,2711113,No,11
CO,3998683,No,11
CO,488849,Yes,11
CO,4276096,No,11
CO,6826,Yes,11
CO,4091156,DK,11
CO,831830,No,11
CO,400182,DK,11
CO,2674693,Yes,11
CO,706162,No,11
CO,1495680,No,11
CO,3082527,No,11
CO,4514033,Yes,11
CO,138347,Yes,11
CO,3030250,DK,11
CO,3649981,Yes,11
CO,583597,Yes,11
CO,3148958,Yes,11
CO,3387789,Yes,11
CO,3083579,DK,11
CO,1190597,No,11
CO,1999086,Yes,11
CO,439312,Yes,11
CO,4224814,Yes,11
CO,1832307,Yes,11
CO,774429,No,11
CO,2915537,No,11
CO,4770846,Yes,11
CO,500382,DK,11
CO,2055327,No,11
CO,1676490,Yes,11
CO,3497781,No,11
CO,4876624,DK,11
CO,391510,Yes,11
CO,1350647,Yes,11
CO,263678,No,11
CO,4971247,Yes,11
CO,4727230,Yes,11
CO,3513063,Yes,11
CO,3477704,DK,11
CO,2514995,Yes,11
CO,3821053,Yes,11
KS,2732293,DK,11
CO,1487584,Yes,11
CO,4352414,Yes,11
CO,2735668,Yes,11
CO,1214838,Yes,11
CO,4645818,No,11
CO,1772555,No,11
CO,3140561,No,11
CO,3588608,Yes,11
CO,3081287,No,11
CO,4922091,Yes,11
CO,1998304,No,11
CO,3874372,No,11
CO,1896195,No,11
CO,906509,Yes,11
CO,3135772,Yes,11
CO,4646457,Yes,11
CO,3005980,No,11
CO,621827,Yes,11
CO,3308510,Yes,11
CO,3510144,Yes,11
CO,4634520,No,11
CO,4885496,No,11
CO,4601358,Yes,11
CO,1100066,No,11
CO,1340310,Yes,11
CO,3416076,Yes,11
CO,1824804,DK,11
CO,2450147,No,11
CO,2132004,Yes,11
CO,3195817,Yes,11
CO,1625865,Yes,11
CO,951873,Yes,11
CO,1584198,No,11
CO,3576449,DK,11
CO,1602212,DK,11
CO,3935988,No,11
CO,4307381,Yes,11
CO,2791948,No,11
CO,1576534,Yes,11
CO,3139658,No,11
CO,598225,No,11
CO,2507760,Yes,11
CO,3292706,No,11
CO,1350796,DK,11
CO,4002868,Yes,11
CO,845700,Yes,11
CO,2824629,No,11
CO,56135,No,11
CO,3356893,Yes,11
CO,896768,No,11
CO,3545790,No,11
CO,1342071,DK,11
CO,4042867,No,11
CO,4357372,No,11
CO,3121260,Yes,11
CO,323265,Yes,11
CO,2970410,Yes,11
CO,1931867,No,11
CO,2574020,No,11
CO,1911539,No,11
CO,4774351,Yes,11
CO,1447680,DK,11
CO,886214,Yes,11
CO,2116741,Yes,11
CO,2770048,DK,11
CO,1248386,No,11
CO,4220383,No,11
CO,1120410,Yes,11
CO,913431,Yes,11
CO,1783938,No,11
CO,1571923,DK,11
CO,611840,Yes,11
CO,238324,No,11
CO,384874,Yes,11
CO,3058138,No,11
CO,2747176,No,11
CO,2492782,Yes,11
CO,2375120,No,11
CO,59724,Yes,11
CO,4781541,Yes,11
CO,821308,No,11
CO,2244944,DK,11
CO,2390184,Yes,11
CO,3203418,No,11
CO,4627168,No,11
CO,1791438,No,11
CO,4202983,Yes,11
CO,3172875,No,11
CO,3645071,No,11
CO,2953594,No,11
CO,4309939,No,11
CO,3139789,Yes,11
CO,3489524,Yes,11
CO,2914871,Yes,11
CO,3690580,No,11
CO,4666882,Yes,11
CO,3510464,Yes,11
CO,3861318,Yes,11
CO,571385,No,11
CO,93810,Yes,11
CO,4913692,No,11
CO,487393,Yes,11
CO,4938595,No,11
CO,1617956,Yes,11
CO,4885194,Yes,11
CO,1365228,No,11
CO,17434,No,11
CO,2943677,Yes,11
CO,1119257,Yes,11
CO,4189270,Yes,11
CO,3202383,DK,11
CO,921643,DK,11
CO,1473997,No,11
CO,1974722,No,11
CO,2938701,Yes,11
CO,442401,No,11
CO,248311,DK,11
CO,3487694,Yes,11
CO,2516290,Yes,11
CO,4964868,Yes,11
CO,1988230,DK,11
CO,660963,No,11
CO,1344449,No,11
CO,670301,Yes,11
CO,2914566,Yes,11
CO,4944330,Yes,11
CO,220935,DK,11
CO,2050042,No,11
CO,283631,Yes,11
CO,3968981,Yes,11
CO,1099169,No,11
CO,3907497,Yes,11
CO,303738,No,11
WI,110900,DK,11
CO,3318144,No,11
CO,3970570,DK,11
CO,1344254,DK,11
CO,2432394,Yes,11
CO,4191348,No,11
CO,264913,Yes,11
CO,3254269,Yes,11
CO,1552416,No,11
CO,1130599,Yes,11
CO,3523683,Yes,11
CO,4768273,No,11
CO,2760587,No,11
CO,150874,Yes,11
CO,2410247,DK,11
CO,368297,DK,11
CO,3229583,No,11
CO,4345564,Yes,11
CO,2968539,No,11
CO,154792,No,11
CO,4650470,DK,11
CO,2679289,No,11
CO,2313053,No,11
CO,3924299,No,11
CO,555789,Yes,11
CO,2303938,DK,11
CO,1613448,No,11
CO,3146454,No,11
CO,1456606,No,11
CO,1103463,DK,11
CO,1330999,No,11
CO,4619934,Yes,11
CO,425850,Yes,11
CO,968924,DK,11
CO,4151918,No,11
CO,1438078,DK,11
CO,2613159,Yes,11
CO,1675016,Yes,11
CO,202879,DK,11
CO,4353362,Yes,11
CO,2462063,No,11
CO,3291219,No,11
CO,4760295,Yes,11
CO,1310484,Yes,11
CO,2464504,No,11
CO,1087904,Yes,11
CO,1630110,No,11
CO,4564211,Yes,11
CO,1646421,No,11
CO,4484572,Yes,11
CO,4032848,Yes,11
CO,2205186,Yes,11
SC,1328743,Yes,11
CO,1508914,DK,11
CO,4854795,Yes,11
CO,2406879,No,11
CO,4401801,No,11
CO,4312075,No,11
CO,4101457,No,11
CO,4265860,No,11
CO,1044182,Yes,11
CO,2401178,Yes,11
CO,2554363,Yes,11
AL,1569676,No,11
CO,3269242,No,11
CO,4224109,Yes,11
CO,2349213,Yes,11
CO,4673684,Yes,11
CO,2504754,No,11
CO,2077825,Yes,11
CO,4772884,No,11
CO,3042247,DK,11
CO,641013,Yes,11
CO,1563587,Yes,11
CO,4403703,No,11
CO,4947312,No,11
CO,4601130,No,11
CO,2017550,DK,11
CO,75501,No,11
CO,2602659,Yes,11
CO,1450050,Yes,11
CO,3416257,Yes,11
CO,2170590,Yes,11
CO,2393336,Yes,11
CO,4613618,Yes,11
CO,4909341,No,11
CO,4023559,No,11
CO,4308431,Yes,11
CO,1040902,DK,11
CO,2733362,Yes,11
CO,2996728,No,11
CO,2375072,No,11
CO,3795622,DK,11
CO,3069375,DK,11
CO,4318857,Yes,11
CO,273171,Yes,11
CO,2923329,Yes,11
CO,2280461,Yes,11
CO,4041272,No,11
CO,617420,No,11
CO,113805,No,11
CO,3052077,Yes,11
CO,234762,Yes,11
CO,780759,DK,11
CO,2654434,Yes,11
CO,4147842,No,11
CO,2622334,No,11
CO,2982298,Yes,11
CO,779174,Yes,11
CO,2435173,No,11
CO,3385169,Yes,11
CO,528066,DK,11
CO,2008414,DK,11
CO,1724174,No,11
CO,820266,No,11
CO,4260742,No,11
CO,4509745,DK,11
CO,10301,No,11
CO,2385587,Yes,11
CO,4699055,DK,11
CO,1562264,Yes,11
CO,1363095,No,11
CO,2474556,No,11
CO,50991,Yes,11
CO,1623563,No,11
CO,2837778,Yes,11
CO,1652913,Yes,11
CO,2260098,DK,11
CO,4294153,No,11
CO,3693975,Yes,11
CO,3877521,Yes,11
CO,2646638,No,11
CO,2132988,DK,11
CO,2776197,No,11
CO,3511149,Yes,11
CO,575044,Yes,11
CO,4612572,Yes,11
CO,2275215,Yes,11
CO,3783614,Yes,11
CO,2082742,No,11
CO,2023057,Yes,11
CO,3539726,No,11
CO,4679575,Yes,11
CO,2790345,No,11
CO,4200683,No,11
CO,1927385,No,11
CO,3304771,Yes,11
CO,2568746,Yes,11
CO,1764126,Yes,11
CO,2140085,No,11
CO,4678796,DK,11
CO,4999497,Yes,11
CO,1557708,DK,11
CO,2613438,DK,11
CO,3814442,DK,11
CO,4808714,Yes,11
CO,534964,Yes,11
GA,4712699,No,11
CO,381506,No,11
CO,1853251,DK,11
CO,4141576,DK,11
CO,1709628,Yes,11
CO,2960435,DK,11
CO,955473,No,11
CO,3020502,Yes,11
CO,3070966,DK,11
CO,3832054,Yes,11
CO,576076,Yes,11
CO,3253654,Yes,11
CO,1697463,Yes,11
CO,1754924,No,11
CO,1016284,Yes,11
CO,3639666,DK,11
CO,952806,Yes,11
CO,4994455,Yes,11
CO,769790,Yes,11
CO,1191413,Yes,11
CO,2395208,DK,11
CO,2021292,Yes,11
CO,4818670,No,11
CO,3854033,No,11
CO,3253881,DK,11
CO,1808742,Yes,11
CO,4803737,Yes,11
CO,4696523,DK,11
CO,562078,DK,11
CO,2181211,Yes,11
CO,238586,Yes,11
CO,3962173,DK,11
CO,4644211,Yes,11
CO,1716828,No,11
CO,3820095,No,11
CO,3264265,DK,11
CO,656243,No,11
CO,2307919,No,11
CO,2846485,No,11
CO,3806957,No,11
NM,3081224,Yes,11
SC,4074191,DK,11
CO,2652964,No,11
CO,3356876,DK,11
CO,270614,Yes,11
CO,4342944,Yes,11
CO,650562,Yes,11
CO,3373923,DK,11
CO,3409745,No,11
CO,3616333,No,11
CO,2383560,No,11
CO,1004792,No,11
CO,724281,No,11
CO,4539989,Yes,11
CO,1795969,DK,11
CO,4650116,DK,11
CO,3664449,Yes,11
CO,4242478,Yes,11
CO,254722,No,11
CO,2255198,No,11
CO,4037142,Yes,11
CO,131498,DK,11
CO,3271177,DK,11
CO,3672247,No,11
CO,2686330,Yes,11
CO,2335791,Yes,11
CO,1262167,No,11
CO,4120769,DK,11
CO,978749,DK,11
CO,4133363,Yes,11
CO,4000747,Yes,11
CO,4266244,DK,11
CO,403436,Yes,11
CO,4163307,DK,11
CO,3035960,Yes,11
CO,2409082,Yes,11
CO,4626501,DK,11
CO,4720878,DK,11
CO,4885646,DK,11
CO,3366804,DK,11
CO,2474847,Yes,11
CO,4429151,DK,11
CO,4681907,Yes,11
CO,2170523,Yes,11
CO,2619085,No,11
CO,3077279,Yes,11
CO,177628,Yes,11
CO,2714271,DK,11
CO,4287415,No,11
CO,3734265,No,11
CO,777957,DK,11
CO,154825,Yes,11
CO,4977643,No,11
CO,3583810,Yes,11
CO,2150171,No,11
CO,49189,No,11
CO,1484907,No,11
CO,2878853,DK,11
CO,1076461,Yes,11
CO,2139630,No,11
CO,4480792,DK,11
CO,4747076,DK,11
CO,3590194,Yes,11
CO,4782853,Yes,11
CO,4381673,No,11
CO,3056372,Yes,11
CO,2688379,No,11
CO,2865089,Yes,11
CO,3043996,Yes,11
CO,1318160,Yes,11
CO,3229249,Yes,11
CO,516398,No,11
CO,2437210,Yes,11
CO,672621,Yes,11
CO,4987696,DK,11
CO,4270594,Yes,11
CO,4026034,Yes,11
CO,1192335,Yes,11
CO,4794351,DK,11
CO,3324852,No,11
CO,700324,Yes,11
CO,1400378,DK,11
CO,2852193,DK,11
CO,16861,DK,11
CO,3813030,Yes,11
WI,1832898,No,11
CO,3051375,No,11
CO,2962373,DK,11
CO,41177,DK,11
CO,2776584,DK,11
CO,3454100,No,11
CO,2048818,No,11
CO,329652,No,11
CO,908098,Yes,11
CO,3223224,No,11
CO,4389261,DK,11
CO,4157230,Yes,11
CO,1267276,No,11
CO,640160,Yes,11
CO,148523,Yes,11
CO,3596104,No,11
CO,1093478,DK,11
NY,2259649,Yes,11
CO,2847656,Yes,11
CO,2720981,No,11
CO,102776,No,11
CO,274121,Yes,11
CO,4189662,No,11
CO,955271,No,11
CO,334548,Yes,11
CO,2266167,DK,11
CO,2436402,No,11
CO,4561881,No,11
CO,1017204,Yes,11
CO,1786905,No,11
CO,2636111,Yes,11
CO,2350422,Yes,11
CO,1482637,Yes,11
CO,1454395,Yes,11
CO,120439,No,11
CO,4314327,Yes,11
CO,4967067,Yes,11
CO,815770,No,11
CO,2553439,No,11
CO,2790761,DK,11
CO,673022,No,11
CO,535657,Yes,11
CO,2878823,DK,11
CO,629118,DK,11
CO,4585538,Yes,11
CO,2952633,DK,11
CO,4748305,Yes,11
CO,3496323,Yes,11
CO,2683910,DK,11
CO,2334624,No,11
CO,3751292,DK,11
CO,4848196,Yes,11
CO,1139063,DK,11
CO,2821259,No,11
CO,3192715,No,11
LA,1222332,Yes,11
CA,3625583,DK,11
CO,4217184,No,11
CO,2445073,No,11
CO,716285,Yes,11
CO,3022691,No,11
CO,1776690,No,11
CO,42035,No,11
CO,4980572,No,11
CO,3031382,DK,11
CO,1690544,Yes,11
CO,3301075,No,11
CO,3957335,No,11
CO,4122075,No,11
CO,852296,Yes,11
CO,3986864,DK,11
CA,3142066,Yes,11
CO,502879,No,11
CO,2346721,No,11
CO,564078,Yes,11
CO,1279803,DK,11
AZ,733964,DK,11
CO,3142257,No,11
CO,217634,Yes,11
CO,4712526,Yes,11
CO,4196836,DK,11
CO,1760894,Yes,11
CO,4561799,No,11
CO,3572184,Yes,11
CO,1794395,DK,11
CO,1902290,Yes,11
CO,3396240,No,11
CO,2251504,Yes,11
CO,2452596,Yes,11
CO,930989,No,11
CO,2509114,No,11
CO,1247105,No,11
CO,34502,DK,11
CO,3517438,Yes,11
CO,839362,DK,11
CO,793833,DK,11
CO,4838816,No,11
CO,3122136,No,11
CO,353041,No,11
CO,236488,Yes,11
CO,114153,Yes,11
CO,3185339,DK,11
CO,4022023,DK,11
CO,4580744,DK,11
CO,1775015,No,11
CO,489833,Yes,11
CO,1466153,No,11
CO,2391137,No,11
CO,443116,DK,11
CO,4626123,No,11
CO,3110782,DK,11
CO,3225846,No,11
CO,1138048,No,11
CO,1522067,Yes,11
CO,1806758,DK,11
CO,2685579,Yes,11
CO,2529994,Yes,11
CO,338655,DK,11
CO,3913793,Yes,11
CO,2895210,DK,11
CO,2102845,DK,11
CO,1497557,DK,11
CO,500931,Yes,11
CO,2673963,Yes,11
CO,2056294,Yes,11
CO,858831,DK,11
CO,2218155,Yes,11
CO,3191383,DK,11
CO,3128340,No,11
CO,4889995,DK,11
CO,2599131,Yes,11
CO,3126323,No,11
CO,1988084,No,11
CO,4008397,Yes,11
CO,1332111,No,11
CO,289729,Yes,11
CO,1497723,Yes,11
CO,1365035,No,11
CO,4586682,DK,11
CO,4139491,DK,11
CO,4154731,Yes,11
CO,2738063,Yes,11
CO,4231506,Yes,11
CO,1545005,Yes,11
CO,3962079,Yes,11
CO,2981324,DK,11
CO,3875181,No,11
CO,2819257,DK,11
CO,4404345,No,11
CO,4084718,No,11
CO,1886342,Yes,11
CO,1319053,No,11
CO,13906,Yes,11
CO,27584,Yes,11
CO,2215644,Yes,11
CO,2829582,No,11
CO,4846395,No,11
CO,1661675,Yes,11
CO,998405,No,11
CO,2661885,Yes,11
OR,2289472,DK,11
CO,4428345,DK,11
CO,2359737,Yes,11
CO,3823671,No,11
CO,3393497,No,11
CO,3746515,DK,11
AZ,2977032,Yes,11
CO,3098193,Yes,11
CO,3631918,No,11
CO,4580009,Yes,11
CO,2807861,No,11
CO,4955245,DK,11
CO,1930778,Yes,11
CO,2550560,Yes,11
CO,1194686,Yes,11
CO,1008805,No,11
CO,443387,DK,11
CO,3602899,No,11
CO,3680078,No,11
CO,2007220,No,11
CO,2125408,Yes,11
CO,4783572,DK,11
CO,912988,No,11
CO,1132870,No,11
CO,1008923,No,11
CO,1947495,No,11
CO,2575445,No,11
CO,3772715,No,11
CO,604513,DK,11
CO,2725975,Yes,11
CO,1019545,DK,11
CO,2430487,No,11
CO,4071846,DK,11
CO,710481,Yes,11
CO,1407239,DK,11
CO,3140146,DK,11
CO,265938,DK,11
CO,719997,DK,11
CO,2956809,Yes,11
CO,3525212,No,11
CO,527196,No,11
CO,2357898,No,11
CO,789625,No,11
CO,278018,No,11
CO,3130227,Yes,11
CO,3464331,No,11
CO,637249,DK,11
CO,1228656,No,11
CO,4193703,DK,11
CO,4680535,DK,11
CO,4231302,Yes,11
CO,4700326,Yes,11
CO,764173,DK,11
CO,1486533,No,11
CO,480574,DK,11
CO,1726562,Yes,11
CO,3787765,No,11
CO,4058987,DK,11
CO,448217,Yes,11
CO,875005,No,11
CO,3607808,DK,11
CO,3921085,DK,11
AL,4973635,DK,11
CO,4120823,DK,11
CO,3605436,No,11
CO,3469342,Yes,11
CO,130301,No,11
CO,3621677,DK,11
CO,3364797,No,11
CO,3433584,DK,11
CO,4329880,Yes,11
CO,1106240,Yes,11
CO,1714265,Yes,11
CO,4037566,Yes,11
CO,4225969,No,11
CO,3453050,No,11
CO,366026,Yes,11
CO,808842,No,11
CO,3397068,No,11
CO,4063704,No,11
CO,1548495,DK,11
CO,1659880,No,11
CO,1781732,No,11
CA,3959004,No,11
CO,4644103,Yes,11
CO,1151404,Yes,11
CO,1498693,No,11
CO,354599,No,11
CO,3113524,No,11
CO,3948899,Yes,11
CO,4132440,DK,11
CO,4498796,Yes,11
CO,3767332,Yes,11
CO,1538484,Yes,11
CO,1156835,DK,11
CO,4914169,No,11
CO,3997735,No,11
CO,3087536,DK,11
CO,3441280,No,11
CO,1171007,DK,11
CO,3686486,No,11
CO,4235301,Yes,11
CO,4203162,Yes,11
CO,2524137,DK,11
CO,3669818,Yes,11
CO,4692736,Yes,11
CO,420175,DK,11
CO,4451235,No,11
CO,1180813,No,11
CO,4579009,Yes,11
CO,4675741,Yes,11
CO,2821713,No,11
CO,2387717,No,11
CO,4197330,Yes,11
CO,1014875,No,11
CO,1236457,Yes,11
CO,137062,No,11
CO,1106878,Yes,11
CO,4645403,No,11
CO,4906105,No,11
CO,498295,DK,11
CO,3531675,Yes,11
CO,4504902,DK,11
CO,1758148,Yes,11
CO,403345,DK,11
CO,4641718,Yes,11
CO,4150364,Yes,11
CO,4546568,Yes,11
CO,4265704,No,11
CO,4660182,Yes,11
CO,2638267,Yes,11
CO,2879871,DK,11
CO,3504990,DK,11
CO,3852962,No,11
CO,3454449,No,11
CO,1673293,DK,11
CO,3734817,No,11
CO,731612,Yes,11
CO,1028685,Yes,11
CO,4467477,Yes,11
CO,3393620,DK,11
CO,3451985,DK,11
CO,2805322,No,11
CO,1025574,Yes,11
CO,508900,DK,11
CO,976693,DK,11
CO,1498466,Yes,11
CO,778547,DK,11
CO,2776141,DK,11
CO,3970352,DK,11
AK,99160,Yes,11
CO,2958348,Yes,11
CO,480682,No,11
CO,4115878,No,11
CO,1216956,Yes,11
CO,1779329,Yes,11
CO,4228062,No,11
CO,4628915,No,11
CO,3256745,DK,11
CO,4351454,Yes,11
CO,3065117,No,11
CO,2024130,Yes,11
CO,3832158,DK,11
WA,2568651,DK,11
CO,4933318,No,11
CO,4276323,Yes,11
CO,3047392,Yes,11
CO,4570308,No,11
CO,4015019,DK,11
CO,4866488,Yes,11
CO,336916,DK,11
CO,3022486,Yes,11
CO,4313906,No,11
CO,813459,DK,11
CO,2748059,Yes,11
CO,1671800,DK,11
CO,2162719,No,11
CO,2228895,No,11
CO,361845,Yes,11
CO,1390013,DK,11
CO,2454794,No,11
CO,386896,DK,11
CO,1414228,DK,11
CO,4282043,No,11
CO,2883815,DK,11
CO,2745106,DK,11
CO,2708618,DK,11
CO,2538478,No,11
CO,4878325,Yes,11
CO,1916934,DK,11
CO,3840449,DK,11
CO,3010430,Yes,11
CO,768061,DK,11
CO,88412,No,11
CO,4414530,No,11
CO,2484499,No,11
CO,2658208,Yes,11
CO,4728017,No,11
CO,3548646,DK,11
CO,306350,Yes,11
CO,4854985,No,11
CO,2526517,No,11
CO,3318725,Yes,11
CO,4605113,Yes,11
CO,3579223,DK,11
CO,1662633,No,11
CO,18860,DK,11
CO,3015276,DK,11
CO,4018179,Yes,11
CO,1561034,No,11
CO,3616596,DK,11
CO,4503700,Yes,11
CO,2021784,Yes,11
CO,3314860,No,11
CO,2903125,Yes,11
CO,2636085,No,11
CO,1909640,DK,11
CO,4497306,DK,11
CO,1346796,Yes,11
CO,2734433,DK,11
CO,699502,DK,11
CO,1208799,Yes,11
CO,4649356,No,11
CO,4965142,No,11
CO,4083269,Yes,11
CO,2846180,Yes,11
CO,1268125,No,11
CO,2259771,No,11
CO,4786813,DK,11
CO,2684672,DK,11
CO,2646589,Yes,11
CO,4780304,DK,11
CO,2167985,No,11
CO,869403,Yes,11
CO,4971187,No,11
CO,1929792,Yes,11
CO,2421602,No,11
CO,4272041,DK,11
CO,2722238,No,11
CO,1754819,Yes,11
CO,2572771,No,11
CO,1541198,Yes,11
CO,4512024,No,11
CO,4629903,DK,11
CO,3039819,DK,11
CO,4271811,DK,11
CO,1322370,No,11
CO,1510411,DK,11
CO,2119522,DK,11
CO,1481143,DK,11
CO,199604,No,11
CO,2213598,No,11
CO,3112068,Yes,11
CO,3477493,No,11
CO,1917264,Yes,11
CO,2769534,DK,11
CO,3767963,DK,11
CO,1622316,No,11
CO,397620,No,11
CO,1650397,Yes,11
CO,1761127,Yes,11
CO,4097321,No,11
CO,3927305,No,11
CO,581291,No,11
CO,2359620,DK,11
CO,4355677,Yes,11
CO,581489,Yes,11
CO,2155442,Yes,11
CO,3642259,DK,11
CO,3832510,No,11
CO,4218788,Yes,11
CO,2628866,Yes,11
CO,4767246,DK,11
CO,4359354,DK,11
CO,25227,No,11
CO,1208353,Yes,11
CO,4946392,Yes,11
CO,3960632,DK,11
CO,1495064,DK,11
CO,186039,DK,11
CO,1352144,DK,11
CO,3160096,Yes,11
CO,4807816,No,11
CO,1098577,DK,11
CO,2850713,No,11
CO,3170044,No,11
CO,2836646,DK,11
CO,3805547,No,11
CO,152375,Yes,11
CO,4156661,DK,11
CO,2474737,Yes,11
CO,2857273,Yes,11
CO,2550271,Yes,11
CO,1996702,Yes,11
CO,3712277,Yes,11
CO,624699,No,11
CO,4161750,DK,11
CO,3154073,No,11
CO,2581534,No,11
CO,2539254,No,11
CO,3466669,Yes,11
CO,4265842,DK,11
CO,3120556,Yes,11
CO,4320888,Yes,11
CO,2197325,Yes,11
CO,4694691,Yes,11
CO,4995340,No,11
CO,4789215,No,11
CO,326789,No,11
CO,1615412,DK,11
CO,1395125,Yes,11
CO,3286341,Yes,11
CO,3707923,No,11
CO,473409,DK,11
CO,4496398,Yes,11
CO,878876,No,11
CO,453189,Yes,11
CO,4307500,Yes,11
CO,3627225,No,11
CO,2349845,DK,11
CO,1618410,No,11
CO,2163139,Yes,11
CO,2215254,DK,11
CO,3409052,DK,11
CO,1600723,No,11
CO,1222674,DK,11
CO,3287875,Yes,11
CO,108858,Yes,11
CO,1446992,Yes,11
CO,90284,Yes,11
CO,715838,No,11
CO,4171098,No,11
CO,173842,No,11
CO,3278396,No,11
CO,2293948,No,11
CO,4340814,DK,11
CO,202205,No,11
CO,2739692,DK,11
CO,4535991,Yes,11
NA,396009,No,11
CO,3022553,Yes,11
CO,1646602,DK,11
CO,378843,DK,11
CO,1874037,No,11
CO,1320065,DK,11
CO,1905677,Yes,11
CO,1582348,No,11
CO,3028771,Yes,11
CO,2962508,No,11
CO,597851,No,11
CO,836456,DK,11
CO,3877806,Yes,11
CO,1191911,DK,11
CO,4268416,DK,11
CO,4506831,Yes,11
CO,2157421,Yes,11
CO,620263,DK,11
CO,1802654,No,11
CO,3557380,Yes,11
CO,817968,DK,11
CO,2938830,DK,11
CO,1452452,No,11
CO,350181,No,11
CO,558267,Yes,11
CO,1980951,Yes,11
CO,4573070,Yes,11
CO,3114981,Yes,11
CO,494446,DK,11
CO,32247,DK,11
CO,3712906,Yes,11
CO,4848016,DK,11
CO,1697699,Yes,11
CO,2826994,Yes,11
CO,4628378,No,11
CO,2541048,DK,11
CO,1466799,Yes,11
CO,641264,DK,11
CO,4787712,No,11
CO,4667501,Yes,11
CO,935186,DK,11
CO,187091,No,11
CO,269950,No,11
CO,899239,DK,11
CO,4554308,Yes,11
CO,2353643,No,11
CO,1688230,DK,11
CO,4948801,Yes,11
CO,3905059,Yes,11
CO,1912466,Yes,11
CO,3773112,No,11
CO,4392446,Yes,11
CO,31039,Yes,11
CO,977695,DK,11
CO,600945,No,11
CO,1533640,No,11
CO,1925278,DK,11
CO,3778446,Yes,11
CO,2262418,Yes,11
CO,2854613,DK,11
CO,2920937,No,11
CO,4309201,No,11
CO,1384841,DK,11
CO,2642199,DK,11
CO,3706736,Yes,11
CO,4190432,No,11
CO,2507866,Yes,11
CO,656888,DK,11
CO,1594211,Yes,11
CO,3665402,DK,11
CO,2843749,No,11
CO,953675,DK,11
CO,2061958,DK,11
CO,1373942,DK,11
CO,2570897,No,11
CO,4601731,Yes,11
CO,2733641,Yes,11
CO,4999481,DK,11
CO,3127737,Yes,11
CO,1508650,No,11
CO,3479214,Yes,11
CO,515184,Yes,11
CO,1250830,Yes,11
CO,1435966,No,11
CO,1372479,Yes,11
CO,2883235,DK,11
CO,4694008,Yes,11
CO,4754899,No,11
CO,4131544,No,11
CO,3104622,No,11
CO,1755497,DK,11
CO,3788340,DK,11
CO,3987632,No,11
CO,3843107,No,11
CO,3131732,Yes,11
CO,153135,DK,11
CO,4403707,Yes,11
CO,3212115,No,11
CO,4304599,DK,11
CO,4139561,DK,11
CO,2096415,DK,11
CO,3907262,Yes,11
CO,1141177,No,11
CO,3645253,Yes,11
CO,1236601,No,11
CO,1314181,Yes,11
CO,2449051,No,11
CO,4232617,DK,11
CO,4988179,DK,11
CO,1881350,Yes,11
CO,3448466,DK,11
CO,2956638,Yes,11
CO,3074037,No,11
CO,622974,No,11
CO,4388049,No,11
CO,4135779,Yes,11
CO,2037127,No,11
CO,2122304,DK,11
CO,2328258,DK,11
CO,821258,DK,11
CO,3910212,No,11
CO,335568,DK,11
CO,4291774,DK,11
CO,2641112,Yes,11
CO,4133497,DK,11
CO,3722480,DK,11
CO,2830088,No,11
CO,4146329,Yes,11
CO,3179046,DK,11
CO,615105,No,11
CO,4449410,DK,11
CO,407529,No,11
CO,2897788,Yes,11
CO,4051255,Yes,11
CO,157608,No,11
CO,4628221,No,11
CO,4667587,Yes,11
CO,2465919,No,11
CO,312004,Yes,11
CO,797660,No,11
CO,3837440,Yes,11
CO,4867640,Yes,11
CO,2287192,No,11
CO,24147,Yes,11
CO,1539804,No,11
CO,1471140,No,11
CO,3439584,No,11
CO,3225623,DK,11
CO,4104275,No,11
CO,3882268,Yes,11
CO,4342828,DK,11
CO,4050124,Yes,11
CO,3949220,DK,11
CO,1352471,Yes,11
CO,201138,DK,11
CO,1992296,Yes,11
CO,4827666,Yes,11
CO,4097334,DK,11
CO,1923963,DK,11
CO,2108436,DK,11
CO,3274921,No,11
CO,3954035,Yes,11
CO,1833991,No,11
CO,2110174,DK,11
CO,308715,Yes,11
CO,3759989,DK,11
CO,457200,DK,11
CO,2010223,No,11
CO,2686424,No,11
CO,2890622,No,11
CO,92391,Yes,11
CO,347157,DK,11
CO,2634146,DK,11
CO,314852,No,11
CO,3603317,DK,11
CO,1677563,DK,11
CO,3112263,No,11
CO,4884624,No,11
CO,181098,Yes,11
CO,3285982,DK,11
CO,3302930,DK,11
CO,2512743,Yes,11
CO,4054976,DK,11
CO,2525210,DK,11
CO,1172968,DK,11
CO,2008926,No,11
CO,1996643,DK,11
CO,4122527,No,11
CO,3647109,No,11
CO,1083848,No,11
CO,650286,DK,11
CO,131325,No,11
CO,3200678,DK,11
CO,2863575,Yes,11
CO,1791004,No,11
CO,3555366,DK,11
CO,3306833,DK,11
CO,4000614,DK,11
CO,4369833,DK,11
CO,399985,DK,11
CO,3127763,DK,11
CO,4997456,Yes,11
CO,2195784,DK,11
CO,1569260,Yes,11
CO,2858151,No,11
CO,3760398,DK,11
CO,3053851,No,11
CO,2011421,DK,11
CO,3061549,No,11
CO,3831106,DK,11
CO,2288416,Yes,11
CO,4314589,DK,11
CO,1975710,Yes,11
CO,396289,Yes,11
CO,4782988,No,11
CO,453281,Yes,11
CO,3484097,DK,11
CO,3825967,DK,11
CO,1364926,DK,11
CO,131962,DK,11
CO,4583095,No,11
CO,2304783,DK,11
CO,3769833,DK,11
CO,4336032,DK,11
CO,2619671,Yes,11
CO,680521,Yes,11
CO,783920,Yes,11
CO,2938904,No,11
CO,3477118,DK,11
CO,1588546,DK,11
CO,175889,Yes,11
CO,623303,No,11
CO,1374100,No,11
CO,4792454,Yes,11
CO,371009,DK,11
CO,4889849,DK,11
CO,907250,DK,11
CO,2711930,No,11
CO,620683,DK,11
CO,2851879,No,11
CO,1101051,DK,11
CO,310722,DK,11
CO,3335131,Yes,11
CO,2155622,DK,11
CO,4558750,No,11
CO,1010513,Yes,11
CO,2618218,Yes,11
CO,812180,No,11
CO,2290343,DK,11
CO,1003808,No,11
CO,2947739,DK,11
CO,2042871,DK,11
CO,3993016,DK,11
CO,2714336,DK,11
CO,1915229,No,11
CO,2407468,Yes,11
CO,937558,No,11
CO,1645328,DK,11
CO,3711591,Yes,11
CO,3108668,Yes,11
CO,1224268,DK,11
CO,3291815,DK,11
CO,468122,No,11
CO,2342149,DK,11
CO,3123272,No,11
CO,1878040,DK,11
CO,1629586,No,11
CO,864093,Yes,11
CO,398745,No,11
CO,490292,DK,11
CO,4697826,No,11
CO,4555867,Yes,11
CO,288845,DK,11
CO,3326234,DK,11
CO,3685841,No,11
CO,517315,DK,11
CO,1527343,DK,11
CO,698008,No,11
CO,1332828,Yes,11
CO,283696,No,11
CO,3657887,DK,11
CO,4805643,Yes,11
CO,2644865,DK,11
CO,4015262,DK,11
CO,1597031,DK,11
CO,2117085,DK,11
CO,3519304,DK,11
CO,1781551,No,11
CO,3202981,No,11
CO,3855433,No,11
CO,326810,DK,11
CO,1407934,DK,11
CO,4025566,DK,11
CO,2433133,Yes,11
CO,968297,No,11
CO,4555834,No,11
CO,2392054,No,11
CO,2432561,DK,11
CO,2590406,No,11
CO,239296,Yes,11
CO,3664766,No,11
CO,2233975,DK,11
CO,574642,DK,11
ID,2153900,Yes,11
CO,3065101,No,11
CO,2747128,Yes,11
CO,4642294,Yes,11
CO,3871480,Yes,11
CO,4874521,Yes,11
CO,1340237,DK,11
CO,877561,No,11
CO,2569986,Yes,11
CO,4371587,No,11
CO,4040144,Yes,11
